"Density","Energy","Mach","Momentum:0","Momentum:1","Momentum:2","Pressure","Pressure_Coefficient","Temperature","vtkValidPointMask","arc_length","Points:0","Points:1","Points:2"
1.2491,2.9279e+05,0.66928,285.51,7.4964e-08,0,1.0406e+05,0.079541,290.22,1,0,0,0.3,0
1.2491,2.9279e+05,0.66928,285.51,0.0085308,0,1.0406e+05,0.079541,290.22,1,0.003,0.003,0.3,0
1.2491,2.9279e+05,0.66928,285.51,0.017062,0,1.0406e+05,0.079541,290.22,1,0.006,0.006,0.3,0
1.2491,2.9279e+05,0.66928,285.51,0.025596,0,1.0406e+05,0.079543,290.22,1,0.009,0.009,0.3,0
1.2491,2.9279e+05,0.66928,285.51,0.034132,0,1.0406e+05,0.079545,290.22,1,0.012,0.012,0.3,0
1.2491,2.9279e+05,0.66928,285.51,0.042678,0,1.0406e+05,0.079548,290.22,1,0.015,0.015,0.3,0
1.2491,2.9279e+05,0.66928,285.51,0.051226,0,1.0406e+05,0.079552,290.22,1,0.018,0.018,0.3,0
1.2491,2.9279e+05,0.66928,285.51,0.059789,0,1.0406e+05,0.079556,290.22,1,0.021,0.021,0.3,0
1.2491,2.9279e+05,0.66927,285.51,0.068356,0,1.0406e+05,0.079561,290.22,1,0.024,0.024,0.3,0
1.2491,2.9279e+05,0.66927,285.51,0.076942,0,1.0406e+05,0.079567,290.22,1,0.027,0.027,0.3,0
1.2491,2.9279e+05,0.66927,285.51,0.085534,0,1.0406e+05,0.079573,290.22,1,0.03,0.03,0.3,0
1.2491,2.9279e+05,0.66927,285.51,0.094147,0,1.0407e+05,0.07958,290.22,1,0.033,0.033,0.3,0
1.2491,2.9279e+05,0.66926,285.51,0.10277,0,1.0407e+05,0.079587,290.22,1,0.036,0.036,0.3,0
1.2491,2.9279e+05,0.66926,285.51,0.11142,0,1.0407e+05,0.079596,290.23,1,0.039,0.039,0.3,0
1.2491,2.9279e+05,0.66926,285.5,0.12008,0,1.0407e+05,0.079605,290.23,1,0.042,0.042,0.3,0
1.2491,2.9279e+05,0.66925,285.5,0.12876,0,1.0407e+05,0.079614,290.23,1,0.045,0.045,0.3,0
1.2491,2.9279e+05,0.66925,285.5,0.13747,0,1.0407e+05,0.079625,290.23,1,0.048,0.048,0.3,0
1.2491,2.9279e+05,0.66925,285.5,0.1462,0,1.0407e+05,0.079636,290.23,1,0.051,0.051,0.3,0
1.2491,2.928e+05,0.66924,285.5,0.15496,0,1.0407e+05,0.079647,290.23,1,0.054,0.054,0.3,0
1.2491,2.928e+05,0.66924,285.5,0.16374,0,1.0407e+05,0.079659,290.23,1,0.057,0.057,0.3,0
1.2491,2.928e+05,0.66923,285.5,0.17255,0,1.0407e+05,0.079673,290.23,1,0.06,0.06,0.3,0
1.2491,2.928e+05,0.66923,285.5,0.18139,0,1.0407e+05,0.079686,290.23,1,0.063,0.063,0.3,0
1.2491,2.928e+05,0.66922,285.5,0.19026,0,1.0407e+05,0.079701,290.23,1,0.066,0.066,0.3,0
1.2492,2.928e+05,0.66921,285.5,0.19916,0,1.0407e+05,0.079715,290.23,1,0.069,0.069,0.3,0
1.2492,2.928e+05,0.66921,285.49,0.20811,0,1.0407e+05,0.079731,290.23,1,0.072,0.072,0.3,0
1.2492,2.928e+05,0.6692,285.49,0.21707,0,1.0407e+05,0.079747,290.23,1,0.075,0.075,0.3,0
1.2492,2.928e+05,0.6692,285.49,0.2261,0,1.0407e+05,0.079765,290.23,1,0.078,0.078,0.3,0
1.2492,2.928e+05,0.66919,285.49,0.23513,0,1.0407e+05,0.079782,290.23,1,0.081,0.081,0.3,0
1.2492,2.928e+05,0.66918,285.49,0.24424,0,1.0407e+05,0.079801,290.23,1,0.084,0.084,0.3,0
1.2492,2.9281e+05,0.66917,285.49,0.25336,0,1.0407e+05,0.07982,290.23,1,0.087,0.087,0.3,0
1.2492,2.9281e+05,0.66917,285.49,0.26256,0,1.0407e+05,0.07984,290.23,1,0.09,0.09,0.3,0
1.2492,2.9281e+05,0.66916,285.48,0.27176,0,1.0407e+05,0.07986,290.23,1,0.093,0.093,0.3,0
1.2492,2.9281e+05,0.66915,285.48,0.28105,0,1.0408e+05,0.079882,290.23,1,0.096,0.096,0.3,0
1.2492,2.9281e+05,0.66914,285.48,0.29035,0,1.0408e+05,0.079904,290.23,1,0.099,0.099,0.3,0
1.2492,2.9281e+05,0.66913,285.48,0.29975,0,1.0408e+05,0.079927,290.23,1,0.102,0.102,0.3,0
1.2492,2.9281e+05,0.66912,285.48,0.30915,0,1.0408e+05,0.07995,290.23,1,0.105,0.105,0.3,0
1.2492,2.9282e+05,0.66911,285.47,0.31864,0,1.0408e+05,0.079974,290.24,1,0.108,0.108,0.3,0
1.2492,2.9282e+05,0.6691,285.47,0.32816,0,1.0408e+05,0.079999,290.24,1,0.111,0.111,0.3,0
1.2492,2.9282e+05,0.66909,285.47,0.33776,0,1.0408e+05,0.080024,290.24,1,0.114,0.114,0.3,0
1.2493,2.9282e+05,0.66908,285.47,0.3474,0,1.0408e+05,0.080051,290.24,1,0.117,0.117,0.3,0
1.2493,2.9282e+05,0.66907,285.47,0.35712,0,1.0408e+05,0.080078,290.24,1,0.12,0.12,0.3,0
1.2493,2.9282e+05,0.66906,285.46,0.36688,0,1.0408e+05,0.080105,290.24,1,0.123,0.123,0.3,0
1.2493,2.9282e+05,0.66905,285.46,0.37672,0,1.0408e+05,0.080134,290.24,1,0.126,0.126,0.3,0
1.2493,2.9283e+05,0.66904,285.46,0.38662,0,1.0409e+05,0.080163,290.24,1,0.129,0.129,0.3,0
1.2493,2.9283e+05,0.66903,285.46,0.39659,0,1.0409e+05,0.080193,290.24,1,0.132,0.132,0.3,0
1.2493,2.9283e+05,0.66902,285.45,0.40662,0,1.0409e+05,0.080224,290.24,1,0.135,0.135,0.3,0
1.2493,2.9283e+05,0.66901,285.45,0.41673,0,1.0409e+05,0.080255,290.24,1,0.138,0.138,0.3,0
1.2493,2.9283e+05,0.66899,285.45,0.42691,0,1.0409e+05,0.080288,290.24,1,0.141,0.141,0.3,0
1.2493,2.9284e+05,0.66898,285.44,0.43716,0,1.0409e+05,0.080321,290.25,1,0.144,0.144,0.3,0
1.2493,2.9284e+05,0.66897,285.44,0.4475,0,1.0409e+05,0.080355,290.25,1,0.147,0.147,0.3,0
1.2494,2.9284e+05,0.66895,285.44,0.45789,0,1.0409e+05,0.080389,290.25,1,0.15,0.15,0.3,0
1.2494,2.9284e+05,0.66894,285.44,0.4684,0,1.0409e+05,0.080425,290.25,1,0.153,0.153,0.3,0
1.2494,2.9284e+05,0.66893,285.43,0.47895,0,1.041e+05,0.080461,290.25,1,0.156,0.156,0.3,0
1.2494,2.9285e+05,0.66891,285.43,0.48962,0,1.041e+05,0.080498,290.25,1,0.159,0.159,0.3,0
1.2494,2.9285e+05,0.6689,285.43,0.50033,0,1.041e+05,0.080535,290.25,1,0.162,0.162,0.3,0
1.2494,2.9285e+05,0.66888,285.42,0.51119,0,1.041e+05,0.080574,290.25,1,0.165,0.165,0.3,0
1.2494,2.9285e+05,0.66887,285.42,0.52207,0,1.041e+05,0.080613,290.25,1,0.168,0.168,0.3,0
1.2494,2.9286e+05,0.66885,285.42,0.53312,0,1.041e+05,0.080653,290.25,1,0.171,0.171,0.3,0
1.2494,2.9286e+05,0.66883,285.41,0.54418,0,1.041e+05,0.080694,290.26,1,0.174,0.174,0.3,0
1.2495,2.9286e+05,0.66882,285.41,0.55542,0,1.0411e+05,0.080736,290.26,1,0.177,0.177,0.3,0
1.2495,2.9286e+05,0.6688,285.41,0.56667,0,1.0411e+05,0.080778,290.26,1,0.18,0.18,0.3,0
1.2495,2.9287e+05,0.66879,285.4,0.57811,0,1.0411e+05,0.080822,290.26,1,0.183,0.183,0.3,0
1.2495,2.9287e+05,0.66877,285.4,0.58957,0,1.0411e+05,0.080866,290.26,1,0.186,0.186,0.3,0
1.2495,2.9287e+05,0.66875,285.39,0.60121,0,1.0411e+05,0.080912,290.26,1,0.189,0.189,0.3,0
1.2495,2.9287e+05,0.66873,285.39,0.61288,0,1.0411e+05,0.080957,290.26,1,0.192,0.192,0.3,0
1.2495,2.9288e+05,0.66871,285.39,0.62473,0,1.0411e+05,0.081004,290.26,1,0.195,0.195,0.3,0
1.2495,2.9288e+05,0.6687,285.38,0.63662,0,1.0412e+05,0.081052,290.27,1,0.198,0.198,0.3,0
1.2496,2.9288e+05,0.66868,285.38,0.64869,0,1.0412e+05,0.081101,290.27,1,0.201,0.201,0.3,0
1.2496,2.9289e+05,0.66866,285.37,0.66082,0,1.0412e+05,0.08115,290.27,1,0.204,0.204,0.3,0
1.2496,2.9289e+05,0.66864,285.37,0.67311,0,1.0412e+05,0.0812,290.27,1,0.207,0.207,0.3,0
1.2496,2.9289e+05,0.66862,285.37,0.68548,0,1.0412e+05,0.081251,290.27,1,0.21,0.21,0.3,0
1.2496,2.9289e+05,0.6686,285.36,0.698,0,1.0412e+05,0.081304,290.27,1,0.213,0.213,0.3,0
1.2496,2.929e+05,0.66858,285.36,0.71062,0,1.0413e+05,0.081357,290.27,1,0.216,0.216,0.3,0
1.2497,2.929e+05,0.66856,285.35,0.72339,0,1.0413e+05,0.08141,290.28,1,0.219,0.219,0.3,0
1.2497,2.929e+05,0.66854,285.35,0.73627,0,1.0413e+05,0.081465,290.28,1,0.222,0.222,0.3,0
1.2497,2.9291e+05,0.66851,285.34,0.74928,0,1.0413e+05,0.081521,290.28,1,0.225,0.225,0.3,0
1.2497,2.9291e+05,0.66849,285.34,0.76244,0,1.0413e+05,0.081578,290.28,1,0.228,0.228,0.3,0
1.2497,2.9291e+05,0.66847,285.33,0.77571,0,1.0414e+05,0.081635,290.28,1,0.231,0.231,0.3,0
1.2497,2.9292e+05,0.66845,285.33,0.78916,0,1.0414e+05,0.081694,290.28,1,0.234,0.234,0.3,0
1.2498,2.9292e+05,0.66842,285.32,0.80269,0,1.0414e+05,0.081753,290.28,1,0.237,0.237,0.3,0
1.2498,2.9293e+05,0.6684,285.32,0.81643,0,1.0414e+05,0.081814,290.29,1,0.24,0.24,0.3,0
1.2498,2.9293e+05,0.66838,285.31,0.83025,0,1.0414e+05,0.081875,290.29,1,0.243,0.243,0.3,0
1.2498,2.9293e+05,0.66835,285.31,0.84429,0,1.0415e+05,0.081938,290.29,1,0.246,0.246,0.3,0
1.2498,2.9294e+05,0.66833,285.3,0.85839,0,1.0415e+05,0.082001,290.29,1,0.249,0.249,0.3,0
1.2499,2.9294e+05,0.6683,285.3,0.87275,0,1.0415e+05,0.082066,290.29,1,0.252,0.252,0.3,0
1.2499,2.9294e+05,0.66828,285.29,0.88714,0,1.0415e+05,0.082131,290.3,1,0.255,0.255,0.3,0
1.2499,2.9295e+05,0.66825,285.29,0.90183,0,1.0416e+05,0.082198,290.3,1,0.258,0.258,0.3,0
1.2499,2.9295e+05,0.66822,285.28,0.91653,0,1.0416e+05,0.082265,290.3,1,0.261,0.261,0.3,0
1.2499,2.9296e+05,0.6682,285.27,0.93156,0,1.0416e+05,0.082334,290.3,1,0.264,0.264,0.3,0
1.25,2.9296e+05,0.66817,285.27,0.94659,0,1.0416e+05,0.082403,290.3,1,0.267,0.267,0.3,0
1.25,2.9296e+05,0.66814,285.26,0.96196,0,1.0417e+05,0.082474,290.3,1,0.27,0.27,0.3,0
1.25,2.9297e+05,0.66812,285.26,0.97734,0,1.0417e+05,0.082545,290.31,1,0.273,0.273,0.3,0
1.25,2.9297e+05,0.66809,285.25,0.99305,0,1.0417e+05,0.082618,290.31,1,0.276,0.276,0.3,0
1.25,2.9298e+05,0.66806,285.24,1.0088,0,1.0417e+05,0.082691,290.31,1,0.279,0.279,0.3,0
1.2501,2.9298e+05,0.66803,285.24,1.0249,0,1.0418e+05,0.082767,290.31,1,0.282,0.282,0.3,0
1.2501,2.9299e+05,0.668,285.23,1.041,0,1.0418e+05,0.082842,290.31,1,0.285,0.285,0.3,0
1.2501,2.9299e+05,0.66797,285.22,1.0574,0,1.0418e+05,0.082919,290.32,1,0.288,0.288,0.3,0
1.2501,2.93e+05,0.66794,285.22,1.0739,0,1.0418e+05,0.082997,290.32,1,0.291,0.291,0.3,0
1.2502,2.93e+05,0.66791,285.21,1.0907,0,1.0419e+05,0.083077,290.32,1,0.294,0.294,0.3,0
1.2502,2.9301e+05,0.66788,285.2,1.1076,0,1.0419e+05,0.083157,290.32,1,0.297,0.297,0.3,0
1.2502,2.9301e+05,0.66785,285.2,1.1248,0,1.0419e+05,0.083239,290.33,1,0.3,0.3,0.3,0
1.2502,2.9302e+05,0.66781,285.19,1.1422,0,1.042e+05,0.083321,290.33,1,0.303,0.303,0.3,0
1.2503,2.9302e+05,0.66778,285.18,1.1597,0,1.042e+05,0.083405,290.33,1,0.306,0.306,0.3,0
1.2503,2.9303e+05,0.66775,285.18,1.1775,0,1.042e+05,0.08349,290.33,1,0.309,0.309,0.3,0
1.2503,2.9303e+05,0.66772,285.17,1.1955,0,1.042e+05,0.083576,290.34,1,0.312,0.312,0.3,0
1.2503,2.9304e+05,0.66768,285.16,1.2137,0,1.0421e+05,0.083664,290.34,1,0.315,0.315,0.3,0
1.2504,2.9304e+05,0.66765,285.15,1.2321,0,1.0421e+05,0.083752,290.34,1,0.318,0.318,0.3,0
1.2504,2.9305e+05,0.66761,285.15,1.2508,0,1.0421e+05,0.083842,290.34,1,0.321,0.321,0.3,0
1.2504,2.9305e+05,0.66758,285.14,1.2697,0,1.0422e+05,0.083933,290.35,1,0.324,0.324,0.3,0
1.2504,2.9306e+05,0.66754,285.13,1.2888,0,1.0422e+05,0.084025,290.35,1,0.327,0.327,0.3,0
1.2505,2.9306e+05,0.6675,285.12,1.3081,0,1.0422e+05,0.084118,290.35,1,0.33,0.33,0.3,0
1.2505,2.9307e+05,0.66747,285.11,1.3278,0,1.0423e+05,0.084213,290.35,1,0.333,0.333,0.3,0
1.2505,2.9307e+05,0.66743,285.11,1.3476,0,1.0423e+05,0.084309,290.36,1,0.336,0.336,0.3,0
1.2505,2.9308e+05,0.66739,285.1,1.3677,0,1.0423e+05,0.084406,290.36,1,0.339,0.339,0.3,0
1.2506,2.9309e+05,0.66735,285.09,1.388,0,1.0424e+05,0.084504,290.36,1,0.342,0.342,0.3,0
1.2506,2.9309e+05,0.66732,285.08,1.4087,0,1.0424e+05,0.084605,290.36,1,0.345,0.345,0.3,0
1.2506,2.931e+05,0.66728,285.07,1.4294,0,1.0424e+05,0.084705,290.37,1,0.348,0.348,0.3,0
1.2507,2.931e+05,0.66724,285.06,1.4507,0,1.0425e+05,0.084808,290.37,1,0.351,0.351,0.3,0
1.2507,2.9311e+05,0.6672,285.05,1.4719,0,1.0425e+05,0.084911,290.37,1,0.354,0.354,0.3,0
1.2507,2.9312e+05,0.66716,285.05,1.4938,0,1.0425e+05,0.085017,290.38,1,0.357,0.357,0.3,0
1.2508,2.9312e+05,0.66711,285.04,1.5156,0,1.0426e+05,0.085123,290.38,1,0.36,0.36,0.3,0
1.2508,2.9313e+05,0.66707,285.03,1.5379,0,1.0426e+05,0.085231,290.38,1,0.363,0.363,0.3,0
1.2508,2.9314e+05,0.66703,285.02,1.5604,0,1.0427e+05,0.08534,290.38,1,0.366,0.366,0.3,0
1.2509,2.9314e+05,0.66699,285.01,1.5833,0,1.0427e+05,0.085451,290.39,1,0.369,0.369,0.3,0
1.2509,2.9315e+05,0.66694,285,1.6063,0,1.0427e+05,0.085562,290.39,1,0.372,0.372,0.3,0
1.2509,2.9316e+05,0.6669,284.99,1.6298,0,1.0428e+05,0.085676,290.39,1,0.375,0.375,0.3,0
1.251,2.9316e+05,0.66686,284.98,1.6534,0,1.0428e+05,0.08579,290.4,1,0.378,0.378,0.3,0
1.251,2.9317e+05,0.66681,284.97,1.6775,0,1.0428e+05,0.085906,290.4,1,0.381,0.381,0.3,0
1.251,2.9318e+05,0.66676,284.96,1.7018,0,1.0429e+05,0.086024,290.4,1,0.384,0.384,0.3,0
1.2511,2.9318e+05,0.66672,284.95,1.7265,0,1.0429e+05,0.086143,290.41,1,0.387,0.387,0.3,0
1.2511,2.9319e+05,0.66667,284.94,1.7515,0,1.043e+05,0.086263,290.41,1,0.39,0.39,0.3,0
1.2511,2.932e+05,0.66662,284.93,1.7768,0,1.043e+05,0.086385,290.41,1,0.393,0.393,0.3,0
1.2512,2.9321e+05,0.66658,284.92,1.8025,0,1.0431e+05,0.086509,290.42,1,0.396,0.396,0.3,0
1.2512,2.9321e+05,0.66653,284.91,1.8285,0,1.0431e+05,0.086634,290.42,1,0.399,0.399,0.3,0
1.2512,2.9322e+05,0.66648,284.9,1.8549,0,1.0431e+05,0.08676,290.42,1,0.402,0.402,0.3,0
1.2513,2.9323e+05,0.66643,284.88,1.8815,0,1.0432e+05,0.086888,290.43,1,0.405,0.405,0.3,0
1.2513,2.9324e+05,0.66638,284.87,1.9086,0,1.0432e+05,0.087017,290.43,1,0.408,0.408,0.3,0
1.2514,2.9324e+05,0.66633,284.86,1.936,0,1.0433e+05,0.087148,290.43,1,0.411,0.411,0.3,0
1.2514,2.9325e+05,0.66628,284.85,1.9639,0,1.0433e+05,0.087281,290.44,1,0.414,0.414,0.3,0
1.2514,2.9326e+05,0.66622,284.84,1.992,0,1.0434e+05,0.087415,290.44,1,0.417,0.417,0.3,0
1.2515,2.9327e+05,0.66617,284.83,2.0206,0,1.0434e+05,0.087551,290.45,1,0.42,0.42,0.3,0
1.2515,2.9328e+05,0.66612,284.82,2.0495,0,1.0435e+05,0.087687,290.45,1,0.423,0.423,0.3,0
1.2516,2.9329e+05,0.66606,284.8,2.0789,0,1.0435e+05,0.087827,290.45,1,0.426,0.426,0.3,0
1.2516,2.9329e+05,0.66601,284.79,2.1085,0,1.0436e+05,0.087967,290.46,1,0.429,0.429,0.3,0
1.2517,2.933e+05,0.66595,284.78,2.1388,0,1.0436e+05,0.088109,290.46,1,0.432,0.432,0.3,0
1.2517,2.9331e+05,0.6659,284.77,2.1692,0,1.0437e+05,0.088252,290.46,1,0.435,0.435,0.3,0
1.2517,2.9332e+05,0.66584,284.75,2.2004,0,1.0437e+05,0.088398,290.47,1,0.438,0.438,0.3,0
1.2518,2.9333e+05,0.66578,284.74,2.2316,0,1.0438e+05,0.088544,290.47,1,0.441,0.441,0.3,0
1.2518,2.9334e+05,0.66573,284.73,2.2637,0,1.0438e+05,0.088694,290.48,1,0.444,0.444,0.3,0
1.2519,2.9335e+05,0.66567,284.72,2.2957,0,1.0439e+05,0.088843,290.48,1,0.447,0.447,0.3,0
1.2519,2.9336e+05,0.66561,284.7,2.3287,0,1.0439e+05,0.088996,290.48,1,0.45,0.45,0.3,0
1.252,2.9336e+05,0.66555,284.69,2.3617,0,1.044e+05,0.089149,290.49,1,0.453,0.453,0.3,0
1.252,2.9337e+05,0.66549,284.67,2.3955,0,1.044e+05,0.089304,290.49,1,0.456,0.456,0.3,0
1.2521,2.9338e+05,0.66543,284.66,2.4295,0,1.0441e+05,0.089461,290.5,1,0.459,0.459,0.3,0
1.2521,2.9339e+05,0.66537,284.65,2.4643,0,1.0441e+05,0.08962,290.5,1,0.462,0.462,0.3,0
1.2521,2.934e+05,0.6653,284.63,2.4993,0,1.0442e+05,0.08978,290.51,1,0.465,0.465,0.3,0
1.2522,2.9341e+05,0.66524,284.62,2.535,0,1.0443e+05,0.089942,290.51,1,0.468,0.468,0.3,0
1.2522,2.9342e+05,0.66518,284.61,2.571,0,1.0443e+05,0.090106,290.52,1,0.471,0.471,0.3,0
1.2523,2.9343e+05,0.66511,284.59,2.6077,0,1.0444e+05,0.090272,290.52,1,0.474,0.474,0.3,0
1.2523,2.9344e+05,0.66505,284.58,2.6447,0,1.0444e+05,0.090439,290.52,1,0.477,0.477,0.3,0
1.2524,2.9345e+05,0.66498,284.56,2.6824,0,1.0445e+05,0.090608,290.53,1,0.48,0.48,0.3,0
1.2524,2.9346e+05,0.66492,284.55,2.7206,0,1.0445e+05,0.090779,290.53,1,0.483,0.483,0.3,0
1.2525,2.9347e+05,0.66485,284.53,2.7593,0,1.0446e+05,0.090951,290.54,1,0.486,0.486,0.3,0
1.2525,2.9348e+05,0.66478,284.52,2.7986,0,1.0447e+05,0.091126,290.54,1,0.489,0.489,0.3,0
1.2526,2.9349e+05,0.66471,284.5,2.8384,0,1.0447e+05,0.091302,290.55,1,0.492,0.492,0.3,0
1.2527,2.935e+05,0.66464,284.48,2.8789,0,1.0448e+05,0.09148,290.55,1,0.495,0.495,0.3,0
1.2527,2.9351e+05,0.66457,284.47,2.9198,0,1.0448e+05,0.091659,290.56,1,0.498,0.498,0.3,0
1.2528,2.9353e+05,0.6645,284.45,2.9615,0,1.0449e+05,0.091841,290.56,1,0.501,0.501,0.3,0
1.2528,2.9354e+05,0.66443,284.44,3.0036,0,1.045e+05,0.092024,290.57,1,0.504,0.504,0.3,0
1.2529,2.9355e+05,0.66436,284.42,3.0465,0,1.045e+05,0.09221,290.57,1,0.507,0.507,0.3,0
1.2529,2.9356e+05,0.66429,284.4,3.0897,0,1.0451e+05,0.092396,290.58,1,0.51,0.51,0.3,0
1.253,2.9357e+05,0.66421,284.39,3.134,0,1.0452e+05,0.092585,290.58,1,0.513,0.513,0.3,0
1.253,2.9358e+05,0.66414,284.37,3.1784,0,1.0452e+05,0.092775,290.59,1,0.516,0.516,0.3,0
1.2531,2.9359e+05,0.66406,284.35,3.224,0,1.0453e+05,0.092968,290.59,1,0.519,0.519,0.3,0
1.2532,2.936e+05,0.66399,284.34,3.2697,0,1.0454e+05,0.093161,290.6,1,0.522,0.522,0.3,0
1.2532,2.9362e+05,0.66391,284.32,3.3167,0,1.0454e+05,0.093358,290.61,1,0.525,0.525,0.3,0
1.2533,2.9363e+05,0.66384,284.3,3.3637,0,1.0455e+05,0.093555,290.61,1,0.528,0.528,0.3,0
1.2533,2.9364e+05,0.66376,284.28,3.4121,0,1.0456e+05,0.093755,290.62,1,0.531,0.531,0.3,0
1.2534,2.9365e+05,0.66368,284.27,3.4605,0,1.0456e+05,0.093956,290.62,1,0.534,0.534,0.3,0
1.2535,2.9366e+05,0.6636,284.25,3.5103,0,1.0457e+05,0.09416,290.63,1,0.537,0.537,0.3,0
1.2535,2.9368e+05,0.66352,284.23,3.5602,0,1.0458e+05,0.094364,290.63,1,0.54,0.54,0.3,0
1.2536,2.9369e+05,0.66344,284.21,3.6115,0,1.0459e+05,0.094571,290.64,1,0.543,0.543,0.3,0
1.2536,2.937e+05,0.66336,284.19,3.6629,0,1.0459e+05,0.094779,290.64,1,0.546,0.546,0.3,0
1.2537,2.9371e+05,0.66328,284.17,3.7156,0,1.046e+05,0.09499,290.65,1,0.549,0.549,0.3,0
1.2538,2.9373e+05,0.66319,284.16,3.7686,0,1.0461e+05,0.095202,290.66,1,0.552,0.552,0.3,0
1.2538,2.9374e+05,0.66311,284.14,3.8229,0,1.0462e+05,0.095416,290.66,1,0.555,0.555,0.3,0
1.2539,2.9375e+05,0.66303,284.12,3.8776,0,1.0462e+05,0.095631,290.67,1,0.558,0.558,0.3,0
1.254,2.9376e+05,0.66294,284.1,3.9334,0,1.0463e+05,0.095849,290.67,1,0.561,0.561,0.3,0
1.254,2.9378e+05,0.66286,284.08,3.9897,0,1.0464e+05,0.096067,290.68,1,0.564,0.564,0.3,0
1.2541,2.9379e+05,0.66277,284.06,4.0472,0,1.0465e+05,0.096288,290.69,1,0.567,0.567,0.3,0
1.2542,2.938e+05,0.66269,284.04,4.1053,0,1.0465e+05,0.096511,290.69,1,0.57,0.57,0.3,0
1.2542,2.9382e+05,0.6626,284.02,4.1644,0,1.0466e+05,0.096735,290.7,1,0.573,0.573,0.3,0
1.2543,2.9383e+05,0.66251,284,4.2243,0,1.0467e+05,0.09696,290.7,1,0.576,0.576,0.3,0
1.2544,2.9384e+05,0.66242,283.98,4.2852,0,1.0468e+05,0.097188,290.71,1,0.579,0.579,0.3,0
1.2544,2.9386e+05,0.66233,283.96,4.347,0,1.0468e+05,0.097417,290.72,1,0.582,0.582,0.3,0
1.2545,2.9387e+05,0.66224,283.94,4.4096,0,1.0469e+05,0.097647,290.72,1,0.585,0.585,0.3,0
1.2546,2.9389e+05,0.66215,283.92,4.4734,0,1.047e+05,0.097879,290.73,1,0.588,0.588,0.3,0
1.2546,2.939e+05,0.66206,283.89,4.5378,0,1.0471e+05,0.098113,290.74,1,0.591,0.591,0.3,0
1.2547,2.9391e+05,0.66197,283.87,4.6037,0,1.0472e+05,0.098348,290.74,1,0.594,0.594,0.3,0
1.2548,2.9393e+05,0.66188,283.85,4.67,0,1.0473e+05,0.098584,290.75,1,0.597,0.597,0.3,0
1.2548,2.9394e+05,0.66178,283.83,4.7379,0,1.0473e+05,0.098823,290.76,1,0.6,0.6,0.3,0
1.2549,2.9396e+05,0.66169,283.81,4.8062,0,1.0474e+05,0.099062,290.76,1,0.603,0.603,0.3,0
1.255,2.9397e+05,0.6616,283.79,4.8762,0,1.0475e+05,0.099303,290.77,1,0.606,0.606,0.3,0
1.2551,2.9399e+05,0.6615,283.76,4.9465,0,1.0476e+05,0.099545,290.78,1,0.609,0.609,0.3,0
1.2551,2.94e+05,0.66141,283.74,5.0188,0,1.0477e+05,0.099789,290.78,1,0.612,0.612,0.3,0
1.2552,2.9401e+05,0.66131,283.72,5.0912,0,1.0478e+05,0.10003,290.79,1,0.615,0.615,0.3,0
1.2553,2.9403e+05,0.66122,283.7,5.1658,0,1.0478e+05,0.10028,290.8,1,0.618,0.618,0.3,0
1.2553,2.9404e+05,0.66112,283.67,5.2405,0,1.0479e+05,0.10053,290.8,1,0.621,0.621,0.3,0
1.2554,2.9406e+05,0.66102,283.65,5.3174,0,1.048e+05,0.10078,290.81,1,0.624,0.624,0.3,0
1.2555,2.9407e+05,0.66093,283.63,5.3944,0,1.0481e+05,0.10102,290.82,1,0.627,0.627,0.3,0
1.2556,2.9409e+05,0.66083,283.6,5.4736,0,1.0482e+05,0.10127,290.82,1,0.63,0.63,0.3,0
1.2556,2.941e+05,0.66073,283.58,5.5531,0,1.0483e+05,0.10153,290.83,1,0.633,0.633,0.3,0
1.2557,2.9412e+05,0.66063,283.56,5.6347,0,1.0484e+05,0.10178,290.84,1,0.636,0.636,0.3,0
1.2558,2.9413e+05,0.66054,283.53,5.7168,0,1.0485e+05,0.10203,290.84,1,0.639,0.639,0.3,0
1.2559,2.9415e+05,0.66044,283.51,5.8008,0,1.0485e+05,0.10228,290.85,1,0.642,0.642,0.3,0
1.2559,2.9416e+05,0.66034,283.49,5.8856,0,1.0486e+05,0.10254,290.86,1,0.645,0.645,0.3,0
1.256,2.9418e+05,0.66024,283.46,5.9721,0,1.0487e+05,0.10279,290.87,1,0.648,0.648,0.3,0
1.2561,2.9419e+05,0.66014,283.44,6.0596,0,1.0488e+05,0.10305,290.87,1,0.651,0.651,0.3,0
1.2562,2.9421e+05,0.66004,283.41,6.1488,0,1.0489e+05,0.1033,290.88,1,0.654,0.654,0.3,0
1.2562,2.9423e+05,0.65994,283.39,6.2391,0,1.049e+05,0.10356,290.89,1,0.657,0.657,0.3,0
1.2563,2.9424e+05,0.65984,283.37,6.3309,0,1.0491e+05,0.10382,290.89,1,0.66,0.66,0.3,0
1.2564,2.9426e+05,0.65974,283.34,6.4242,0,1.0492e+05,0.10407,290.9,1,0.663,0.663,0.3,0
1.2565,2.9427e+05,0.65964,283.32,6.5188,0,1.0493e+05,0.10433,290.91,1,0.666,0.666,0.3,0
1.2566,2.9429e+05,0.65954,283.29,6.6151,0,1.0493e+05,0.10459,290.91,1,0.669,0.669,0.3,0
1.2566,2.943e+05,0.65944,283.27,6.7126,0,1.0494e+05,0.10484,290.92,1,0.672,0.672,0.3,0
1.2567,2.9432e+05,0.65934,283.24,6.812,0,1.0495e+05,0.1051,290.93,1,0.675,0.675,0.3,0
1.2568,2.9433e+05,0.65924,283.22,6.9125,0,1.0496e+05,0.10535,290.94,1,0.678,0.678,0.3,0
1.2569,2.9435e+05,0.65914,283.19,7.0151,0,1.0497e+05,0.10561,290.94,1,0.681,0.681,0.3,0
1.2569,2.9436e+05,0.65904,283.17,7.1186,0,1.0498e+05,0.10586,290.95,1,0.684,0.684,0.3,0
1.257,2.9438e+05,0.65894,283.14,7.2246,0,1.0499e+05,0.10612,290.96,1,0.687,0.687,0.3,0
1.2571,2.9439e+05,0.65884,283.12,7.3312,0,1.05e+05,0.10637,290.96,1,0.69,0.69,0.3,0
1.2572,2.9441e+05,0.65875,283.09,7.4407,0,1.05e+05,0.10662,290.97,1,0.693,0.693,0.3,0
1.2572,2.9442e+05,0.65865,283.07,7.5506,0,1.0501e+05,0.10687,290.98,1,0.696,0.696,0.3,0
1.2573,2.9444e+05,0.65855,283.04,7.6636,0,1.0502e+05,0.10712,290.98,1,0.699,0.699,0.3,0
1.2574,2.9445e+05,0.65846,283.02,7.7768,0,1.0503e+05,0.10737,290.99,1,0.702,0.702,0.3,0
1.2575,2.9447e+05,0.65836,283,7.8935,0,1.0504e+05,0.10761,291,1,0.705,0.705,0.3,0
1.2575,2.9448e+05,0.65827,282.97,8.0102,0,1.0505e+05,0.10785,291,1,0.708,0.708,0.3,0
1.2576,2.945e+05,0.65817,282.95,8.1306,0,1.0506e+05,0.10809,291.01,1,0.711,0.711,0.3,0
1.2577,2.9451e+05,0.65808,282.92,8.2512,0,1.0506e+05,0.10833,291.02,1,0.714,0.714,0.3,0
1.2577,2.9452e+05,0.65799,282.9,8.3752,0,1.0507e+05,0.10857,291.02,1,0.717,0.717,0.3,0
1.2578,2.9454e+05,0.6579,282.87,8.4997,0,1.0508e+05,0.1088,291.03,1,0.72,0.72,0.3,0
1.2579,2.9455e+05,0.65781,282.85,8.6275,0,1.0509e+05,0.10903,291.04,1,0.723,0.723,0.3,0
1.2579,2.9457e+05,0.65772,282.83,8.756,0,1.051e+05,0.10926,291.04,1,0.726,0.726,0.3,0
1.258,2.9458e+05,0.65763,282.8,8.8877,0,1.051e+05,0.10948,291.05,1,0.729,0.729,0.3,0
1.2581,2.9459e+05,0.65754,282.78,9.0204,0,1.0511e+05,0.1097,291.06,1,0.732,0.732,0.3,0
1.2581,2.946e+05,0.65746,282.76,9.156,0,1.0512e+05,0.10992,291.06,1,0.735,0.735,0.3,0
1.2582,2.9462e+05,0.65738,282.73,9.293,0,1.0513e+05,0.11013,291.07,1,0.738,0.738,0.3,0
1.2583,2.9463e+05,0.6573,282.71,9.4327,0,1.0513e+05,0.11033,291.07,1,0.741,0.741,0.3,0
1.2583,2.9464e+05,0.65722,282.69,9.5741,0,1.0514e+05,0.11054,291.08,1,0.744,0.744,0.3,0
1.2584,2.9465e+05,0.65714,282.67,9.7181,0,1.0515e+05,0.11073,291.08,1,0.747,0.747,0.3,0
1.2584,2.9466e+05,0.65707,282.64,9.864,0,1.0515e+05,0.11092,291.09,1,0.75,0.75,0.3,0
1.2585,2.9468e+05,0.657,282.62,10.012,0,1.0516e+05,0.11111,291.09,1,0.753,0.753,0.3,0
1.2585,2.9469e+05,0.65693,282.6,10.163,0,1.0517e+05,0.11129,291.1,1,0.756,0.756,0.3,0
1.2586,2.947e+05,0.65686,282.58,10.315,0,1.0517e+05,0.11146,291.1,1,0.759,0.759,0.3,0
1.2586,2.9471e+05,0.65679,282.56,10.471,0,1.0518e+05,0.11162,291.11,1,0.762,0.762,0.3,0
1.2587,2.9472e+05,0.65673,282.54,10.628,0,1.0518e+05,0.11178,291.11,1,0.765,0.765,0.3,0
1.2587,2.9472e+05,0.65667,282.52,10.788,0,1.0519e+05,0.11193,291.12,1,0.768,0.768,0.3,0
1.2588,2.9473e+05,0.65662,282.5,10.95,0,1.0519e+05,0.11208,291.12,1,0.771,0.771,0.3,0
1.2588,2.9474e+05,0.65657,282.48,11.115,0,1.052e+05,0.11221,291.12,1,0.774,0.774,0.3,0
1.2589,2.9475e+05,0.65652,282.47,11.282,0,1.052e+05,0.11234,291.13,1,0.777,0.777,0.3,0
1.2589,2.9476e+05,0.65647,282.45,11.452,0,1.0521e+05,0.11245,291.13,1,0.78,0.78,0.3,0
1.2589,2.9476e+05,0.65643,282.43,11.624,0,1.0521e+05,0.11256,291.13,1,0.783,0.783,0.3,0
1.2589,2.9477e+05,0.65639,282.42,11.8,0,1.0521e+05,0.11265,291.14,1,0.786,0.786,0.3,0
1.259,2.9477e+05,0.65636,282.4,11.976,0,1.0522e+05,0.11274,291.14,1,0.789,0.789,0.3,0
1.259,2.9478e+05,0.65633,282.39,12.157,0,1.0522e+05,0.11281,291.14,1,0.792,0.792,0.3,0
1.259,2.9478e+05,0.6563,282.37,12.338,0,1.0522e+05,0.11288,291.14,1,0.795,0.795,0.3,0
1.259,2.9478e+05,0.65629,282.36,12.525,0,1.0522e+05,0.11292,291.14,1,0.798,0.798,0.3,0
1.259,2.9479e+05,0.65627,282.35,12.712,0,1.0523e+05,0.11297,291.15,1,0.801,0.801,0.3,0
1.259,2.9479e+05,0.65626,282.34,12.904,0,1.0523e+05,0.11298,291.15,1,0.804,0.804,0.3,0
1.2591,2.9479e+05,0.65626,282.33,13.096,0,1.0523e+05,0.113,291.15,1,0.807,0.807,0.3,0
1.259,2.9479e+05,0.65626,282.32,13.293,0,1.0523e+05,0.11299,291.15,1,0.81,0.81,0.3,0
1.259,2.9479e+05,0.65627,282.31,13.491,0,1.0523e+05,0.11297,291.15,1,0.813,0.813,0.3,0
1.259,2.9478e+05,0.65628,282.31,13.694,0,1.0522e+05,0.11293,291.14,1,0.816,0.816,0.3,0
1.259,2.9478e+05,0.6563,282.3,13.897,0,1.0522e+05,0.11289,291.14,1,0.819,0.819,0.3,0
1.259,2.9478e+05,0.65633,282.3,14.105,0,1.0522e+05,0.11281,291.14,1,0.822,0.822,0.3,0
1.259,2.9477e+05,0.65636,282.29,14.315,0,1.0522e+05,0.11273,291.14,1,0.825,0.825,0.3,0
1.2589,2.9477e+05,0.65641,282.29,14.528,0,1.0521e+05,0.11262,291.14,1,0.828,0.828,0.3,0
1.2589,2.9476e+05,0.65645,282.29,14.744,0,1.0521e+05,0.1125,291.13,1,0.831,0.831,0.3,0
1.2589,2.9475e+05,0.65651,282.29,14.963,0,1.052e+05,0.11235,291.13,1,0.834,0.834,0.3,0
1.2588,2.9474e+05,0.65658,282.3,15.184,0,1.052e+05,0.11219,291.12,1,0.837,0.837,0.3,0
1.2588,2.9473e+05,0.65665,282.3,15.409,0,1.0519e+05,0.112,291.12,1,0.84,0.84,0.3,0
1.2587,2.9472e+05,0.65673,282.31,15.636,0,1.0518e+05,0.11179,291.11,1,0.843,0.843,0.3,0
1.2586,2.947e+05,0.65682,282.31,15.866,0,1.0518e+05,0.11156,291.11,1,0.846,0.846,0.3,0
1.2585,2.9469e+05,0.65692,282.32,16.1,0,1.0517e+05,0.1113,291.1,1,0.849,0.849,0.3,0
1.2585,2.9467e+05,0.65703,282.33,16.335,0,1.0516e+05,0.11102,291.09,1,0.852,0.852,0.3,0
1.2584,2.9465e+05,0.65715,282.35,16.574,0,1.0515e+05,0.11071,291.08,1,0.855,0.855,0.3,0
1.2583,2.9463e+05,0.65728,282.36,16.815,0,1.0514e+05,0.11038,291.07,1,0.858,0.858,0.3,0
1.2582,2.9461e+05,0.65742,282.38,17.061,0,1.0512e+05,0.11002,291.06,1,0.861,0.861,0.3,0
1.2581,2.9459e+05,0.65757,282.4,17.307,0,1.0511e+05,0.10964,291.05,1,0.864,0.864,0.3,0
1.2579,2.9456e+05,0.65774,282.42,17.558,0,1.0509e+05,0.10921,291.04,1,0.867,0.867,0.3,0
1.2578,2.9454e+05,0.65791,282.44,17.81,0,1.0508e+05,0.10878,291.03,1,0.87,0.87,0.3,0
1.2577,2.9451e+05,0.6581,282.47,18.067,0,1.0506e+05,0.10829,291.02,1,0.873,0.873,0.3,0
1.2575,2.9448e+05,0.65829,282.5,18.324,0,1.0505e+05,0.10779,291,1,0.876,0.876,0.3,0
1.2573,2.9444e+05,0.65851,282.53,18.587,0,1.0503e+05,0.10723,290.99,1,0.879,0.879,0.3,0
1.2572,2.9441e+05,0.65873,282.56,18.849,0,1.0501e+05,0.10667,290.97,1,0.882,0.882,0.3,0
1.257,2.9437e+05,0.65897,282.6,19.117,0,1.0498e+05,0.10604,290.95,1,0.885,0.885,0.3,0
1.2568,2.9434e+05,0.65922,282.63,19.385,0,1.0496e+05,0.10541,290.94,1,0.888,0.888,0.3,0
1.2566,2.9429e+05,0.65949,282.68,19.658,0,1.0494e+05,0.10471,290.92,1,0.891,0.891,0.3,0
1.2564,2.9425e+05,0.65977,282.72,19.931,0,1.0491e+05,0.10401,290.9,1,0.894,0.894,0.3,0
1.2561,2.9421e+05,0.66007,282.77,20.209,0,1.0489e+05,0.10323,290.88,1,0.897,0.897,0.3,0
1.2559,2.9416e+05,0.66038,282.81,20.487,0,1.0486e+05,0.10244,290.86,1,0.9,0.9,0.3,0
1.2557,2.9411e+05,0.66071,282.87,20.769,0,1.0483e+05,0.10159,290.83,1,0.903,0.903,0.3,0
1.2554,2.9406e+05,0.66105,282.92,21.052,0,1.048e+05,0.10072,290.81,1,0.906,0.906,0.3,0
1.2551,2.94e+05,0.66141,282.98,21.338,0,1.0477e+05,0.099781,290.78,1,0.909,0.909,0.3,0
1.2548,2.9394e+05,0.66179,283.04,21.626,0,1.0473e+05,0.09882,290.76,1,0.912,0.912,0.3,0
1.2545,2.9388e+05,0.66218,283.11,21.916,0,1.047e+05,0.097798,290.73,1,0.915,0.915,0.3,0
1.2542,2.9382e+05,0.6626,283.18,22.208,0,1.0466e+05,0.096743,290.7,1,0.918,0.918,0.3,0
1.2539,2.9375e+05,0.66303,283.25,22.502,0,1.0462e+05,0.095631,290.67,1,0.921,0.921,0.3,0
1.2535,2.9368e+05,0.66348,283.33,22.798,0,1.0458e+05,0.094478,290.64,1,0.924,0.924,0.3,0
1.2532,2.9361e+05,0.66395,283.41,23.095,0,1.0454e+05,0.093273,290.6,1,0.927,0.927,0.3,0
1.2528,2.9354e+05,0.66443,283.49,23.394,0,1.045e+05,0.092018,290.57,1,0.93,0.93,0.3,0
1.2524,2.9346e+05,0.66494,283.58,23.695,0,1.0445e+05,0.090716,290.53,1,0.933,0.933,0.3,0
1.252,2.9338e+05,0.66547,283.67,23.996,0,1.044e+05,0.089355,290.49,1,0.936,0.936,0.3,0
1.2516,2.9329e+05,0.66602,283.76,24.299,0,1.0436e+05,0.087953,290.46,1,0.939,0.939,0.3,0
1.2512,2.932e+05,0.66659,283.86,24.604,0,1.043e+05,0.086481,290.42,1,0.942,0.942,0.3,0
1.2507,2.9311e+05,0.66717,283.96,24.909,0,1.0425e+05,0.084975,290.37,1,0.945,0.945,0.3,0
1.2502,2.9302e+05,0.66779,284.07,25.215,0,1.042e+05,0.083389,290.33,1,0.948,0.948,0.3,0
1.2498,2.9292e+05,0.66842,284.18,25.522,0,1.0414e+05,0.081776,290.29,1,0.951,0.951,0.3,0
1.2493,2.9282e+05,0.66908,284.29,25.83,0,1.0408e+05,0.080072,290.24,1,0.954,0.954,0.3,0
1.2487,2.9272e+05,0.66975,284.41,26.137,0,1.0402e+05,0.078349,290.19,1,0.957,0.957,0.3,0
1.2482,2.9261e+05,0.67045,284.54,26.446,0,1.0396e+05,0.076524,290.14,1,0.96,0.96,0.3,0
1.2477,2.925e+05,0.67117,284.66,26.754,0,1.039e+05,0.074688,290.09,1,0.963,0.963,0.3,0
1.2471,2.9238e+05,0.67192,284.8,27.063,0,1.0383e+05,0.072738,290.03,1,0.966,0.966,0.3,0
1.2465,2.9226e+05,0.67268,284.93,27.372,0,1.0376e+05,0.070786,289.98,1,0.969,0.969,0.3,0
1.2459,2.9214e+05,0.67349,285.07,27.679,0,1.0369e+05,0.068709,289.92,1,0.972,0.972,0.3,0
1.2453,2.9202e+05,0.67429,285.21,27.987,0,1.0362e+05,0.066633,289.87,1,0.975,0.975,0.3,0
1.2446,2.9188e+05,0.67514,285.36,28.296,0,1.0354e+05,0.064432,289.8,1,0.978,0.978,0.3,0
1.2439,2.9175e+05,0.676,285.52,28.605,0,1.0346e+05,0.062225,289.74,1,0.981,0.981,0.3,0
1.2432,2.9161e+05,0.6769,285.68,28.904,0,1.0338e+05,0.059903,289.68,1,0.984,0.984,0.3,0
1.2425,2.9147e+05,0.6778,285.84,29.201,0,1.033e+05,0.057565,289.61,1,0.987,0.987,0.3,0
1.2418,2.9132e+05,0.67875,286,29.518,0,1.0322e+05,0.055122,289.55,1,0.99,0.99,0.3,0
1.2411,2.9118e+05,0.67971,286.17,29.84,0,1.0313e+05,0.052654,289.48,1,0.993,0.993,0.3,0
1.2403,2.9102e+05,0.6807,286.35,30.13,0,1.0304e+05,0.050104,289.41,1,0.996,0.996,0.3,0
1.2396,2.9087e+05,0.68169,286.53,30.407,0,1.0295e+05,0.047526,289.33,1,0.999,0.999,0.3,0
1.2387,2.907e+05,0.68275,286.72,30.703,0,1.0286e+05,0.04476,289.26,1,1.002,1.002,0.3,0
1.2379,2.9053e+05,0.68385,286.91,31.007,0,1.0276e+05,0.041906,289.18,1,1.005,1.005,0.3,0
1.237,2.9036e+05,0.68492,287.1,31.3,0,1.0266e+05,0.039133,289.1,1,1.008,1.008,0.3,0
1.2362,2.9019e+05,0.68603,287.29,31.59,0,1.0256e+05,0.036277,289.02,1,1.011,1.011,0.3,0
1.2353,2.9001e+05,0.68716,287.5,31.878,0,1.0246e+05,0.033349,288.94,1,1.014,1.014,0.3,0
1.2344,2.8983e+05,0.68833,287.7,32.162,0,1.0235e+05,0.030308,288.85,1,1.017,1.017,0.3,0
1.2335,2.8964e+05,0.68952,287.91,32.443,0,1.0225e+05,0.027213,288.77,1,1.02,1.02,0.3,0
1.2325,2.8945e+05,0.69073,288.13,32.723,0,1.0214e+05,0.024077,288.68,1,1.023,1.023,0.3,0
1.2316,2.8926e+05,0.69198,288.34,32.997,0,1.0202e+05,0.020848,288.59,1,1.026,1.026,0.3,0
1.2306,2.8906e+05,0.69324,288.57,33.269,0,1.0191e+05,0.017566,288.49,1,1.029,1.029,0.3,0
1.2296,2.8886e+05,0.69453,288.79,33.538,0,1.0179e+05,0.014225,288.4,1,1.032,1.032,0.3,0
1.2286,2.8865e+05,0.69585,289.02,33.801,0,1.0168e+05,0.010794,288.3,1,1.035,1.035,0.3,0
1.2275,2.8844e+05,0.69719,289.26,34.062,0,1.0155e+05,0.0073191,288.21,1,1.038,1.038,0.3,0
1.2264,2.8822e+05,0.69855,289.49,34.32,0,1.0143e+05,0.0037809,288.11,1,1.041,1.041,0.3,0
1.2254,2.8801e+05,0.69994,289.74,34.571,0,1.0131e+05,0.00016087,288,1,1.044,1.044,0.3,0
1.2243,2.8778e+05,0.70135,289.98,34.82,0,1.0118e+05,-0.0035103,287.9,1,1.047,1.047,0.3,0
1.2231,2.8756e+05,0.70278,290.23,35.063,0,1.0105e+05,-0.0072493,287.8,1,1.05,1.05,0.3,0
1.222,2.8732e+05,0.70424,290.48,35.302,0,1.0092e+05,-0.011055,287.69,1,1.053,1.053,0.3,0
1.2208,2.8709e+05,0.70572,290.74,35.537,0,1.0078e+05,-0.014911,287.58,1,1.056,1.056,0.3,0
1.2197,2.8685e+05,0.70723,290.99,35.766,0,1.0065e+05,-0.018841,287.47,1,1.059,1.059,0.3,0
1.2185,2.8661e+05,0.70876,291.26,35.99,0,1.0051e+05,-0.022836,287.35,1,1.062,1.062,0.3,0
1.2172,2.8636e+05,0.71031,291.52,36.21,0,1.0037e+05,-0.026879,287.24,1,1.065,1.065,0.3,0
1.216,2.8611e+05,0.71189,291.79,36.424,0,1.0022e+05,-0.030994,287.12,1,1.068,1.068,0.3,0
1.2147,2.8586e+05,0.71349,292.06,36.632,0,1.0008e+05,-0.035165,287,1,1.071,1.071,0.3,0
1.2135,2.856e+05,0.7151,292.33,36.837,0,99932,-0.039384,286.88,1,1.074,1.074,0.3,0
1.2122,2.8534e+05,0.71675,292.61,37.033,0,99782,-0.043684,286.76,1,1.077,1.077,0.3,0
1.2109,2.8507e+05,0.71841,292.89,37.225,0,99631,-0.048031,286.64,1,1.08,1.08,0.3,0
1.2095,2.848e+05,0.72009,293.17,37.413,0,99478,-0.052425,286.51,1,1.083,1.083,0.3,0
1.2082,2.8453e+05,0.7218,293.45,37.592,0,99323,-0.056893,286.38,1,1.086,1.086,0.3,0
1.2068,2.8425e+05,0.72353,293.74,37.767,0,99166,-0.061406,286.25,1,1.089,1.089,0.3,0
1.2054,2.8398e+05,0.72527,294.03,37.936,0,99008,-0.065974,286.12,1,1.092,1.092,0.3,0
1.204,2.8369e+05,0.72704,294.32,38.097,0,98847,-0.070606,285.99,1,1.095,1.095,0.3,0
1.2026,2.834e+05,0.72882,294.61,38.254,0,98684,-0.075278,285.86,1,1.098,1.098,0.3,0
1.2012,2.8311e+05,0.73063,294.9,38.404,0,98520,-0.080008,285.72,1,1.101,1.101,0.3,0
1.1998,2.8282e+05,0.73245,295.2,38.547,0,98354,-0.084792,285.58,1,1.104,1.104,0.3,0
1.1983,2.8252e+05,0.7343,295.5,38.686,0,98186,-0.089619,285.44,1,1.107,1.107,0.3,0
1.1968,2.8222e+05,0.73616,295.79,38.816,0,98016,-0.094506,285.3,1,1.11,1.11,0.3,0
1.1953,2.8192e+05,0.73804,296.09,38.94,0,97845,-0.099438,285.16,1,1.113,1.113,0.3,0
1.1938,2.8161e+05,0.73993,296.39,39.06,0,97672,-0.10441,285.01,1,1.116,1.116,0.3,0
1.1923,2.813e+05,0.74185,296.7,39.17,0,97497,-0.10944,284.87,1,1.119,1.119,0.3,0
1.1907,2.8099e+05,0.74378,297,39.275,0,97321,-0.11451,284.72,1,1.122,1.122,0.3,0
1.1892,2.8067e+05,0.74573,297.3,39.374,0,97143,-0.11963,284.57,1,1.125,1.125,0.3,0
1.1876,2.8035e+05,0.7477,297.61,39.464,0,96964,-0.1248,284.42,1,1.128,1.128,0.3,0
1.186,2.8003e+05,0.74968,297.91,39.55,0,96783,-0.13,284.27,1,1.131,1.131,0.3,0
1.1844,2.7971e+05,0.75167,298.22,39.629,0,96601,-0.13525,284.12,1,1.134,1.134,0.3,0
1.1828,2.7938e+05,0.75369,298.53,39.7,0,96417,-0.14054,283.96,1,1.137,1.137,0.3,0
1.1812,2.7905e+05,0.75571,298.83,39.766,0,96232,-0.14587,283.81,1,1.14,1.14,0.3,0
1.1796,2.7872e+05,0.75776,299.14,39.823,0,96045,-0.15125,283.65,1,1.143,1.143,0.3,0
1.1779,2.7838e+05,0.75982,299.45,39.874,0,95857,-0.15666,283.49,1,1.146,1.146,0.3,0
1.1763,2.7804e+05,0.76189,299.76,39.92,0,95668,-0.1621,283.33,1,1.149,1.149,0.3,0
1.1746,2.777e+05,0.76397,300.06,39.957,0,95477,-0.1676,283.17,1,1.152,1.152,0.3,0
1.1729,2.7736e+05,0.76607,300.37,39.988,0,95285,-0.17312,283.01,1,1.155,1.155,0.3,0
1.1712,2.7701e+05,0.76818,300.68,40.014,0,95092,-0.17868,282.84,1,1.158,1.158,0.3,0
1.1695,2.7666e+05,0.77031,300.98,40.03,0,94897,-0.18428,282.68,1,1.161,1.161,0.3,0
1.1678,2.7631e+05,0.77245,301.29,40.041,0,94702,-0.1899,282.51,1,1.164,1.164,0.3,0
1.166,2.7595e+05,0.7746,301.6,40.046,0,94505,-0.19556,282.34,1,1.167,1.167,0.3,0
1.1643,2.756e+05,0.77676,301.9,40.043,0,94307,-0.20126,282.17,1,1.17,1.17,0.3,0
1.1625,2.7524e+05,0.77893,302.2,40.035,0,94108,-0.20698,282,1,1.173,1.173,0.3,0
1.1608,2.7488e+05,0.78112,302.51,40.019,0,93908,-0.21274,281.83,1,1.176,1.176,0.3,0
1.159,2.7452e+05,0.78331,302.81,39.996,0,93707,-0.21853,281.66,1,1.179,1.179,0.3,0
1.1572,2.7415e+05,0.78552,303.11,39.969,0,93505,-0.22434,281.49,1,1.182,1.182,0.3,0
1.1554,2.7378e+05,0.78774,303.41,39.932,0,93302,-0.23019,281.31,1,1.185,1.185,0.3,0
1.1536,2.7341e+05,0.78997,303.71,39.89,0,93098,-0.23606,281.14,1,1.188,1.188,0.3,0
1.1518,2.7304e+05,0.79221,304.01,39.842,0,92893,-0.24196,280.96,1,1.191,1.191,0.3,0
1.15,2.7267e+05,0.79446,304.3,39.786,0,92687,-0.24789,280.78,1,1.194,1.194,0.3,0
1.1481,2.7229e+05,0.79672,304.6,39.726,0,92480,-0.25384,280.6,1,1.197,1.197,0.3,0
1.1463,2.7191e+05,0.79898,304.89,39.658,0,92273,-0.25981,280.42,1,1.2,1.2,0.3,0
1.1444,2.7154e+05,0.80126,305.18,39.583,0,92064,-0.26581,280.24,1,1.203,1.203,0.3,0
1.1426,2.7115e+05,0.80355,305.47,39.504,0,91855,-0.27183,280.06,1,1.206,1.206,0.3,0
1.1407,2.7077e+05,0.80584,305.76,39.416,0,91645,-0.27787,279.87,1,1.209,1.209,0.3,0
1.1388,2.7039e+05,0.80815,306.04,39.324,0,91434,-0.28394,279.69,1,1.212,1.212,0.3,0
1.137,2.7e+05,0.81046,306.33,39.226,0,91223,-0.29003,279.51,1,1.215,1.215,0.3,0
1.1351,2.6961e+05,0.81278,306.61,39.119,0,91011,-0.29613,279.32,1,1.218,1.218,0.3,0
1.1332,2.6922e+05,0.8151,306.89,39.009,0,90798,-0.30226,279.13,1,1.221,1.221,0.3,0
1.1313,2.6883e+05,0.81744,307.17,38.891,0,90584,-0.3084,278.95,1,1.224,1.224,0.3,0
1.1294,2.6844e+05,0.81978,307.44,38.767,0,90370,-0.31457,278.76,1,1.227,1.227,0.3,0
1.1274,2.6804e+05,0.82213,307.71,38.64,0,90155,-0.32075,278.57,1,1.23,1.23,0.3,0
1.1255,2.6765e+05,0.82449,307.98,38.504,0,89940,-0.32695,278.38,1,1.233,1.233,0.3,0
1.1236,2.6725e+05,0.82685,308.25,38.363,0,89724,-0.33316,278.19,1,1.236,1.236,0.3,0
1.1216,2.6685e+05,0.82922,308.52,38.218,0,89508,-0.33939,277.99,1,1.239,1.239,0.3,0
1.1197,2.6645e+05,0.8316,308.78,38.064,0,89291,-0.34564,277.8,1,1.242,1.242,0.3,0
1.1178,2.6605e+05,0.83398,309.04,37.906,0,89073,-0.3519,277.61,1,1.245,1.245,0.3,0
1.1158,2.6565e+05,0.83636,309.3,37.743,0,88855,-0.35817,277.41,1,1.248,1.248,0.3,0
1.1138,2.6524e+05,0.83876,309.56,37.573,0,88637,-0.36446,277.22,1,1.251,1.251,0.3,0
1.1119,2.6484e+05,0.84116,309.81,37.4,0,88418,-0.37076,277.02,1,1.254,1.254,0.3,0
1.1099,2.6443e+05,0.84356,310.06,37.22,0,88198,-0.37707,276.83,1,1.257,1.257,0.3,0
1.1079,2.6402e+05,0.84597,310.31,37.034,0,87979,-0.3834,276.63,1,1.26,1.26,0.3,0
1.1059,2.6361e+05,0.84839,310.55,36.845,0,87758,-0.38973,276.43,1,1.263,1.263,0.3,0
1.104,2.632e+05,0.85081,310.79,36.648,0,87538,-0.39608,276.23,1,1.266,1.266,0.3,0
1.102,2.6279e+05,0.85323,311.03,36.447,0,87317,-0.40243,276.03,1,1.269,1.269,0.3,0
1.1,2.6238e+05,0.85566,311.27,36.241,0,87096,-0.40879,275.83,1,1.272,1.272,0.3,0
1.098,2.6196e+05,0.8581,311.5,36.029,0,86875,-0.41517,275.63,1,1.275,1.275,0.3,0
1.096,2.6155e+05,0.86054,311.73,35.814,0,86653,-0.42155,275.43,1,1.278,1.278,0.3,0
1.094,2.6113e+05,0.86298,311.95,35.593,0,86431,-0.42794,275.23,1,1.281,1.281,0.3,0
1.092,2.6072e+05,0.86543,312.18,35.367,0,86208,-0.43434,275.03,1,1.284,1.284,0.3,0
1.0899,2.603e+05,0.86788,312.4,35.137,0,85986,-0.44075,274.82,1,1.287,1.287,0.3,0
1.0879,2.5988e+05,0.87033,312.61,34.9,0,85763,-0.44716,274.62,1,1.29,1.29,0.3,0
1.0859,2.5946e+05,0.87279,312.83,34.661,0,85540,-0.45358,274.42,1,1.293,1.293,0.3,0
1.0839,2.5904e+05,0.87525,313.04,34.416,0,85317,-0.46,274.21,1,1.296,1.296,0.3,0
1.0818,2.5862e+05,0.87771,313.24,34.166,0,85094,-0.46643,274.01,1,1.299,1.299,0.3,0
1.0798,2.582e+05,0.88018,313.44,33.913,0,84870,-0.47286,273.8,1,1.302,1.302,0.3,0
1.0778,2.5778e+05,0.88265,313.64,33.655,0,84646,-0.4793,273.59,1,1.305,1.305,0.3,0
1.0757,2.5735e+05,0.88513,313.84,33.392,0,84422,-0.48575,273.39,1,1.308,1.308,0.3,0
1.0737,2.5693e+05,0.88761,314.03,33.126,0,84198,-0.49219,273.18,1,1.311,1.311,0.3,0
1.0717,2.5651e+05,0.89009,314.22,32.854,0,83974,-0.49864,272.97,1,1.314,1.314,0.3,0
1.0696,2.5608e+05,0.89257,314.41,32.579,0,83750,-0.50509,272.76,1,1.317,1.317,0.3,0
1.0676,2.5565e+05,0.89505,314.59,32.3,0,83526,-0.51155,272.55,1,1.32,1.32,0.3,0
1.0655,2.5523e+05,0.89754,314.77,32.016,0,83302,-0.518,272.34,1,1.323,1.323,0.3,0
1.0635,2.548e+05,0.90003,314.94,31.729,0,83077,-0.52446,272.14,1,1.326,1.326,0.3,0
1.0614,2.5437e+05,0.90252,315.11,31.437,0,82853,-0.53092,271.92,1,1.329,1.329,0.3,0
1.0594,2.5394e+05,0.90502,315.28,31.142,0,82628,-0.53738,271.71,1,1.332,1.332,0.3,0
1.0573,2.5352e+05,0.90751,315.45,30.844,0,82404,-0.54384,271.5,1,1.335,1.335,0.3,0
1.0553,2.5309e+05,0.91001,315.61,30.541,0,82179,-0.5503,271.29,1,1.338,1.338,0.3,0
1.0532,2.5266e+05,0.91251,315.76,30.235,0,81955,-0.55676,271.08,1,1.341,1.341,0.3,0
1.0511,2.5223e+05,0.91501,315.92,29.925,0,81731,-0.56322,270.87,1,1.344,1.344,0.3,0
1.0491,2.518e+05,0.91752,316.06,29.611,0,81506,-0.56967,270.65,1,1.347,1.347,0.3,0
1.047,2.5136e+05,0.92002,316.21,29.295,0,81282,-0.57613,270.44,1,1.35,1.35,0.3,0
1.0449,2.5093e+05,0.92253,316.35,28.974,0,81058,-0.58259,270.23,1,1.353,1.353,0.3,0
1.0429,2.505e+05,0.92503,316.49,28.65,0,80833,-0.58904,270.01,1,1.356,1.356,0.3,0
1.0408,2.5007e+05,0.92754,316.62,28.324,0,80609,-0.59549,269.8,1,1.359,1.359,0.3,0
1.0387,2.4964e+05,0.93005,316.75,27.993,0,80385,-0.60194,269.59,1,1.362,1.362,0.3,0
1.0367,2.492e+05,0.93256,316.88,27.66,0,80161,-0.60838,269.37,1,1.365,1.365,0.3,0
1.0346,2.4877e+05,0.93507,317,27.323,0,79937,-0.61482,269.16,1,1.368,1.368,0.3,0
1.0325,2.4834e+05,0.93759,317.12,26.983,0,79714,-0.62126,268.94,1,1.371,1.371,0.3,0
1.0305,2.479e+05,0.9401,317.24,26.642,0,79490,-0.62769,268.72,1,1.374,1.374,0.3,0
1.0284,2.4747e+05,0.94261,317.35,26.296,0,79267,-0.63412,268.51,1,1.377,1.377,0.3,0
1.0263,2.4703e+05,0.94513,317.46,25.947,0,79044,-0.64055,268.29,1,1.38,1.38,0.3,0
1.0243,2.466e+05,0.94764,317.56,25.597,0,78820,-0.64697,268.08,1,1.383,1.383,0.3,0
1.0222,2.4616e+05,0.95016,317.66,25.242,0,78597,-0.65339,267.86,1,1.386,1.386,0.3,0
1.0201,2.4573e+05,0.95268,317.76,24.886,0,78375,-0.6598,267.64,1,1.389,1.389,0.3,0
1.0181,2.4529e+05,0.95519,317.85,24.527,0,78152,-0.66621,267.42,1,1.392,1.392,0.3,0
1.016,2.4486e+05,0.95771,317.94,24.165,0,77930,-0.6726,267.21,1,1.395,1.395,0.3,0
1.0139,2.4442e+05,0.96023,318.02,23.801,0,77708,-0.679,266.99,1,1.398,1.398,0.3,0
1.0118,2.4399e+05,0.96275,318.1,23.434,0,77486,-0.68538,266.77,1,1.401,1.401,0.3,0
1.0098,2.4355e+05,0.96526,318.18,23.065,0,77264,-0.69177,266.55,1,1.404,1.404,0.3,0
1.0077,2.4312e+05,0.96778,318.25,22.694,0,77043,-0.69814,266.33,1,1.407,1.407,0.3,0
1.0056,2.4268e+05,0.9703,318.32,22.32,0,76821,-0.7045,266.12,1,1.41,1.41,0.3,0
1.0036,2.4225e+05,0.97282,318.39,21.944,0,76600,-0.71086,265.9,1,1.413,1.413,0.3,0
1.0015,2.4181e+05,0.97533,318.45,21.566,0,76380,-0.71721,265.68,1,1.416,1.416,0.3,0
0.99944,2.4137e+05,0.97785,318.5,21.186,0,76159,-0.72356,265.46,1,1.419,1.419,0.3,0
0.99738,2.4094e+05,0.98037,318.56,20.804,0,75939,-0.72989,265.24,1,1.422,1.422,0.3,0
0.99531,2.405e+05,0.98288,318.61,20.419,0,75720,-0.73622,265.02,1,1.425,1.425,0.3,0
0.99325,2.4007e+05,0.9854,318.65,20.033,0,75500,-0.74254,264.8,1,1.428,1.428,0.3,0
0.99119,2.3963e+05,0.98791,318.7,19.645,0,75281,-0.74884,264.58,1,1.431,1.431,0.3,0
0.98913,2.392e+05,0.99043,318.73,19.255,0,75062,-0.75514,264.36,1,1.434,1.434,0.3,0
0.98707,2.3876e+05,0.99294,318.77,18.864,0,74843,-0.76144,264.14,1,1.437,1.437,0.3,0
0.98502,2.3833e+05,0.99545,318.8,18.47,0,74625,-0.76772,263.92,1,1.44,1.44,0.3,0
0.98296,2.3789e+05,0.99797,318.83,18.075,0,74407,-0.77399,263.7,1,1.443,1.443,0.3,0
0.98091,2.3746e+05,1.0005,318.85,17.678,0,74189,-0.78026,263.48,1,1.446,1.446,0.3,0
0.97885,2.3702e+05,1.003,318.87,17.28,0,73972,-0.78651,263.26,1,1.449,1.449,0.3,0
0.9768,2.3659e+05,1.0055,318.89,16.88,0,73755,-0.79275,263.04,1,1.452,1.452,0.3,0
0.97475,2.3615e+05,1.008,318.9,16.479,0,73539,-0.79898,262.82,1,1.455,1.455,0.3,0
0.9727,2.3572e+05,1.0105,318.91,16.076,0,73322,-0.8052,262.59,1,1.458,1.458,0.3,0
0.97066,2.3528e+05,1.013,318.91,15.672,0,73107,-0.81142,262.37,1,1.461,1.461,0.3,0
0.96862,2.3485e+05,1.0155,318.91,15.266,0,72891,-0.81761,262.15,1,1.464,1.464,0.3,0
0.96657,2.3441e+05,1.018,318.91,14.86,0,72676,-0.8238,261.93,1,1.467,1.467,0.3,0
0.96453,2.3398e+05,1.0205,318.9,14.452,0,72462,-0.82998,261.71,1,1.47,1.47,0.3,0
0.9625,2.3355e+05,1.023,318.89,14.043,0,72247,-0.83615,261.49,1,1.473,1.473,0.3,0
0.96046,2.3312e+05,1.0255,318.88,13.633,0,72033,-0.8423,261.27,1,1.476,1.476,0.3,0
0.95843,2.3268e+05,1.028,318.86,13.221,0,71820,-0.84844,261.05,1,1.479,1.479,0.3,0
0.9564,2.3225e+05,1.0305,318.84,12.809,0,71607,-0.85457,260.82,1,1.482,1.482,0.3,0
0.95437,2.3182e+05,1.033,318.82,12.396,0,71394,-0.86069,260.6,1,1.485,1.485,0.3,0
0.95234,2.3139e+05,1.0355,318.79,11.982,0,71182,-0.8668,260.38,1,1.488,1.488,0.3,0
0.95032,2.3096e+05,1.038,318.75,11.567,0,70971,-0.87289,260.16,1,1.491,1.491,0.3,0
0.94829,2.3052e+05,1.0405,318.72,11.151,0,70759,-0.87897,259.94,1,1.494,1.494,0.3,0
0.94628,2.3009e+05,1.043,318.68,10.734,0,70549,-0.88504,259.72,1,1.497,1.497,0.3,0
0.94426,2.2966e+05,1.0455,318.64,10.317,0,70338,-0.89109,259.5,1,1.5,1.5,0.3,0
0.94225,2.2923e+05,1.048,318.59,9.8988,0,70128,-0.89713,259.27,1,1.503,1.503,0.3,0
0.94023,2.288e+05,1.0505,318.54,9.4801,0,69919,-0.90316,259.05,1,1.506,1.506,0.3,0
0.93823,2.2838e+05,1.0529,318.49,9.0608,0,69710,-0.90918,258.83,1,1.509,1.509,0.3,0
0.93622,2.2795e+05,1.0554,318.43,8.6408,0,69501,-0.91517,258.61,1,1.512,1.512,0.3,0
0.93422,2.2752e+05,1.0579,318.37,8.2205,0,69293,-0.92116,258.39,1,1.515,1.515,0.3,0
0.93222,2.2709e+05,1.0604,318.31,7.7995,0,69086,-0.92713,258.17,1,1.518,1.518,0.3,0
0.93022,2.2666e+05,1.0629,318.24,7.3781,0,68879,-0.93309,257.95,1,1.521,1.521,0.3,0
0.92823,2.2624e+05,1.0653,318.17,6.9565,0,68672,-0.93904,257.72,1,1.524,1.524,0.3,0
0.92624,2.2581e+05,1.0678,318.1,6.5343,0,68466,-0.94497,257.5,1,1.527,1.527,0.3,0
0.92425,2.2538e+05,1.0703,318.02,6.1119,0,68261,-0.95089,257.28,1,1.53,1.53,0.3,0
0.92227,2.2496e+05,1.0727,317.94,5.6893,0,68056,-0.95679,257.06,1,1.533,1.533,0.3,0
0.92029,2.2453e+05,1.0752,317.86,5.2663,0,67851,-0.96267,256.84,1,1.536,1.536,0.3,0
0.91831,2.2411e+05,1.0777,317.77,4.8433,0,67647,-0.96855,256.62,1,1.539,1.539,0.3,0
0.91634,2.2369e+05,1.0801,317.68,4.4199,0,67444,-0.9744,256.4,1,1.542,1.542,0.3,0
0.91437,2.2326e+05,1.0826,317.59,3.9966,0,67241,-0.98024,256.18,1,1.545,1.545,0.3,0
0.9124,2.2284e+05,1.085,317.49,3.5732,0,67038,-0.98607,255.96,1,1.548,1.548,0.3,0
0.91044,2.2242e+05,1.0875,317.39,3.1497,0,66836,-0.99188,255.74,1,1.551,1.551,0.3,0
0.90847,2.22e+05,1.0899,317.29,2.7262,0,66635,-0.99768,255.52,1,1.554,1.554,0.3,0
0.90652,2.2158e+05,1.0924,317.18,2.3028,0,66434,-1.0035,255.3,1,1.557,1.557,0.3,0
0.90457,2.2116e+05,1.0948,317.07,1.8794,0,66234,-1.0092,255.08,1,1.56,1.56,0.3,0
0.90262,2.2074e+05,1.0973,316.96,1.4561,0,66034,-1.015,254.86,1,1.563,1.563,0.3,0
0.90067,2.2032e+05,1.0997,316.84,1.0329,0,65835,-1.0207,254.64,1,1.566,1.566,0.3,0
0.89873,2.199e+05,1.1021,316.72,0.60984,0,65636,-1.0264,254.42,1,1.569,1.569,0.3,0
0.89679,2.1948e+05,1.1046,316.6,0.187,0,65438,-1.0321,254.2,1,1.572,1.572,0.3,0
0.89486,2.1906e+05,1.107,316.48,-0.23559,0,65241,-1.0378,253.98,1,1.575,1.575,0.3,0
0.89292,2.1865e+05,1.1094,316.35,-0.65789,0,65043,-1.0435,253.76,1,1.578,1.578,0.3,0
0.891,2.1823e+05,1.1119,316.22,-1.0799,0,64847,-1.0491,253.54,1,1.581,1.581,0.3,0
0.88907,2.1782e+05,1.1143,316.09,-1.5016,0,64651,-1.0548,253.32,1,1.584,1.584,0.3,0
0.88715,2.174e+05,1.1167,315.95,-1.9229,0,64456,-1.0604,253.1,1,1.587,1.587,0.3,0
0.88524,2.1699e+05,1.1191,315.81,-2.3437,0,64261,-1.066,252.88,1,1.59,1.59,0.3,0
0.88333,2.1658e+05,1.1215,315.67,-2.7642,0,64067,-1.0716,252.66,1,1.593,1.593,0.3,0
0.88142,2.1616e+05,1.1239,315.52,-3.1841,0,63874,-1.0771,252.45,1,1.596,1.596,0.3,0
0.87952,2.1575e+05,1.1263,315.38,-3.6035,0,63681,-1.0827,252.23,1,1.599,1.599,0.3,0
0.87762,2.1534e+05,1.1287,315.23,-4.0225,0,63488,-1.0882,252.01,1,1.602,1.602,0.3,0
0.87573,2.1493e+05,1.1311,315.07,-4.4408,0,63297,-1.0937,251.79,1,1.605,1.605,0.3,0
0.87384,2.1452e+05,1.1335,314.92,-4.8586,0,63106,-1.0992,251.57,1,1.608,1.608,0.3,0
0.87196,2.1411e+05,1.1359,314.76,-5.2757,0,62915,-1.1047,251.36,1,1.611,1.611,0.3,0
0.87008,2.1371e+05,1.1383,314.6,-5.6922,0,62725,-1.1102,251.14,1,1.614,1.614,0.3,0
0.8682,2.133e+05,1.1407,314.43,-6.108,0,62536,-1.1156,250.92,1,1.617,1.617,0.3,0
0.86633,2.1289e+05,1.1431,314.27,-6.5231,0,62347,-1.1211,250.71,1,1.62,1.62,0.3,0
0.86446,2.1249e+05,1.1455,314.1,-6.9375,0,62159,-1.1265,250.49,1,1.623,1.623,0.3,0
0.8626,2.1209e+05,1.1478,313.93,-7.3513,0,61972,-1.1319,250.27,1,1.626,1.626,0.3,0
0.86074,2.1168e+05,1.1502,313.75,-7.7643,0,61785,-1.1373,250.06,1,1.629,1.629,0.3,0
0.85889,2.1128e+05,1.1526,313.58,-8.1766,0,61599,-1.1426,249.84,1,1.632,1.632,0.3,0
0.85704,2.1088e+05,1.1549,313.4,-8.5881,0,61413,-1.148,249.63,1,1.635,1.635,0.3,0
0.85519,2.1048e+05,1.1573,313.21,-8.9986,0,61228,-1.1533,249.41,1,1.638,1.638,0.3,0
0.85335,2.1008e+05,1.1597,313.03,-9.4085,0,61044,-1.1586,249.2,1,1.641,1.641,0.3,0
0.85152,2.0968e+05,1.162,312.84,-9.8173,0,60860,-1.1639,248.98,1,1.644,1.644,0.3,0
0.84969,2.0928e+05,1.1644,312.65,-10.225,0,60677,-1.1691,248.77,1,1.647,1.647,0.3,0
0.84786,2.0888e+05,1.1667,312.46,-10.632,0,60495,-1.1744,248.56,1,1.65,1.65,0.3,0
0.84604,2.0848e+05,1.1691,312.27,-11.038,0,60313,-1.1796,248.34,1,1.653,1.653,0.3,0
0.84423,2.0809e+05,1.1714,312.07,-11.443,0,60132,-1.1848,248.13,1,1.656,1.656,0.3,0
0.84242,2.0769e+05,1.1737,311.88,-11.847,0,59952,-1.19,247.92,1,1.659,1.659,0.3,0
0.84061,2.073e+05,1.1761,311.68,-12.25,0,59772,-1.1952,247.7,1,1.662,1.662,0.3,0
0.83881,2.0691e+05,1.1784,311.48,-12.653,0,59593,-1.2003,247.49,1,1.665,1.665,0.3,0
0.83702,2.0652e+05,1.1807,311.27,-13.054,0,59415,-1.2055,247.28,1,1.668,1.668,0.3,0
0.83523,2.0612e+05,1.183,311.06,-13.454,0,59237,-1.2106,247.07,1,1.671,1.671,0.3,0
0.83344,2.0573e+05,1.1853,310.85,-13.853,0,59060,-1.2157,246.86,1,1.674,1.674,0.3,0
0.83167,2.0535e+05,1.1876,310.64,-14.251,0,58883,-1.2208,246.65,1,1.677,1.677,0.3,0
0.82989,2.0496e+05,1.1899,310.43,-14.648,0,58707,-1.2258,246.43,1,1.68,1.68,0.3,0
0.82812,2.0457e+05,1.1922,310.22,-15.044,0,58532,-1.2309,246.22,1,1.683,1.683,0.3,0
0.82636,2.0419e+05,1.1945,310,-15.439,0,58358,-1.2359,246.01,1,1.686,1.686,0.3,0
0.8246,2.038e+05,1.1968,309.78,-15.832,0,58184,-1.2409,245.81,1,1.689,1.689,0.3,0
0.82285,2.0342e+05,1.1991,309.56,-16.225,0,58012,-1.2459,245.6,1,1.692,1.692,0.3,0
0.82111,2.0304e+05,1.2014,309.34,-16.616,0,57839,-1.2508,245.39,1,1.695,1.695,0.3,0
0.81937,2.0265e+05,1.2037,309.12,-17.006,0,57668,-1.2557,245.18,1,1.698,1.698,0.3,0
0.81763,2.0227e+05,1.2059,308.89,-17.395,0,57497,-1.2607,244.97,1,1.701,1.701,0.3,0
0.8159,2.0189e+05,1.2082,308.66,-17.784,0,57327,-1.2656,244.76,1,1.704,1.704,0.3,0
0.81418,2.0152e+05,1.2105,308.43,-18.17,0,57158,-1.2704,244.56,1,1.707,1.707,0.3,0
0.81246,2.0114e+05,1.2127,308.2,-18.556,0,56989,-1.2753,244.35,1,1.71,1.71,0.3,0
0.81075,2.0076e+05,1.215,307.96,-18.941,0,56821,-1.2801,244.15,1,1.713,1.713,0.3,0
0.80905,2.0039e+05,1.2172,307.73,-19.324,0,56654,-1.2849,243.94,1,1.716,1.716,0.3,0
0.80735,2.0002e+05,1.2194,307.5,-19.706,0,56487,-1.2897,243.74,1,1.719,1.719,0.3,0
0.80565,1.9964e+05,1.2217,307.25,-20.088,0,56322,-1.2945,243.53,1,1.722,1.722,0.3,0
0.80398,1.9928e+05,1.2239,307.02,-20.468,0,56158,-1.2992,243.33,1,1.725,1.725,0.3,0
0.80232,1.9891e+05,1.2261,306.79,-20.847,0,55994,-1.3039,243.12,1,1.728,1.728,0.3,0
0.80062,1.9854e+05,1.2283,306.53,-21.226,0,55830,-1.3086,242.92,1,1.731,1.731,0.3,0
0.79896,1.9817e+05,1.2305,306.29,-21.602,0,55668,-1.3133,242.72,1,1.734,1.734,0.3,0
0.79733,1.9781e+05,1.2328,306.07,-21.977,0,55506,-1.318,242.51,1,1.737,1.737,0.3,0
0.79561,1.9743e+05,1.2349,305.79,-22.35,0,55342,-1.3227,242.32,1,1.74,1.74,0.3,0
0.79397,1.9707e+05,1.2371,305.54,-22.722,0,55182,-1.3273,242.12,1,1.743,1.743,0.3,0
0.79244,1.9674e+05,1.2393,305.35,-23.093,0,55029,-1.3317,241.91,1,1.746,1.746,0.3,0
0.79077,1.9636e+05,1.2413,305.05,-23.472,0,54871,-1.3362,241.73,1,1.749,1.749,0.3,0
0.78912,1.96e+05,1.2434,304.76,-23.85,0,54714,-1.3408,241.54,1,1.752,1.752,0.3,0
0.78764,1.9568e+05,1.2459,304.63,-24.21,0,54560,-1.3452,241.31,1,1.755,1.755,0.3,0
0.78577,1.9526e+05,1.2482,304.3,-24.582,0,54383,-1.3503,241.1,1,1.758,1.758,0.3,0
0.78369,1.9479e+05,1.2503,303.86,-24.96,0,54195,-1.3557,240.91,1,1.761,1.761,0.3,0
0.78278,1.9461e+05,1.2526,303.91,-25.268,0,54084,-1.3589,240.69,1,1.764,1.764,0.3,0
0.78179,1.9439e+05,1.2535,303.66,-25.679,0,53997,-1.3614,240.61,1,1.767,1.767,0.3,0
0.78074,1.9411e+05,1.2526,303.03,-26.236,0,53943,-1.3629,240.69,1,1.77,1.77,0.3,0
0.7798,1.9395e+05,1.2562,303.3,-26.464,0,53805,-1.3669,240.36,1,1.773,1.773,0.3,0
0.77656,1.9327e+05,1.2624,303.14,-26.694,0,53456,-1.377,239.79,1,1.776,1.776,0.3,0
0.76671,1.9105e+05,1.2738,301.29,-27.186,0,52547,-1.4031,238.74,1,1.779,1.779,0.3,0
0.76299,1.9031e+05,1.2835,301.57,-26.868,0,52096,-1.4161,237.86,1,1.782,1.782,0.3,0
0.76612,1.9109e+05,1.2839,302.75,-26.466,0,52315,-1.4098,237.82,1,1.785,1.785,0.3,0
0.81444,2.0108e+05,1.19,302.6,-30.472,0,57674,-1.2556,246.41,1,1.788,1.788,0.3,0
0.9026,2.1974e+05,1.0644,303.25,-37.42,0,67021,-0.98657,257.65,1,1.791,1.791,0.3,0
1.0301,2.4696e+05,0.90891,304.57,-47.234,0,80298,-0.60444,271.33,1,1.794,1.794,0.3,0
1.0886,2.5945e+05,0.84783,302.95,-50.297,0,86425,-0.42811,276.44,1,1.797,1.797,0.3,0
1.1222,2.6659e+05,0.81406,301.65,-51.544,0,89947,-0.32674,279.22,1,1.8,1.8,0.3,0
1.1212,2.6635e+05,0.8143,301.6,-50.583,0,89856,-0.32936,279.2,1,1.803,1.803,0.3,0
1.1178,2.6562e+05,0.81679,301.64,-49.771,0,89524,-0.3389,279,1,1.806,1.806,0.3,0
1.1149,2.6497e+05,0.81895,301.66,-49.1,0,89233,-0.3473,278.82,1,1.809,1.809,0.3,0
1.1174,2.655e+05,0.81588,301.38,-48.853,0,89516,-0.33914,279.07,1,1.812,1.812,0.3,0
1.1206,2.6617e+05,0.81218,301.06,-48.621,0,89869,-0.32899,279.37,1,1.815,1.815,0.3,0
1.1243,2.6693e+05,0.80807,300.72,-48.398,0,90268,-0.3175,279.7,1,1.818,1.818,0.3,0
1.1268,2.6745e+05,0.80509,300.44,-48.098,0,90546,-0.3095,279.94,1,1.821,1.821,0.3,0
1.1291,2.6793e+05,0.80228,300.18,-47.797,0,90805,-0.30205,280.16,1,1.824,1.824,0.3,0
1.1312,2.6835e+05,0.79972,299.92,-47.495,0,91039,-0.29531,280.36,1,1.827,1.827,0.3,0
1.1333,2.6879e+05,0.79712,299.66,-47.21,0,91279,-0.28842,280.57,1,1.83,1.83,0.3,0
1.1355,2.6924e+05,0.79452,299.39,-46.93,0,91519,-0.2815,280.78,1,1.833,1.833,0.3,0
1.1376,2.6968e+05,0.79194,299.13,-46.656,0,91758,-0.27462,280.98,1,1.836,1.836,0.3,0
1.1397,2.7011e+05,0.78944,298.87,-46.384,0,91990,-0.26794,281.18,1,1.839,1.839,0.3,0
1.1417,2.7053e+05,0.78699,298.61,-46.113,0,92218,-0.26137,281.37,1,1.842,1.842,0.3,0
1.1437,2.7093e+05,0.78461,298.36,-45.844,0,92439,-0.25502,281.56,1,1.845,1.845,0.3,0
1.1457,2.7133e+05,0.78227,298.1,-45.577,0,92657,-0.24876,281.74,1,1.848,1.848,0.3,0
1.1476,2.7173e+05,0.77996,297.85,-45.312,0,92871,-0.24258,281.92,1,1.851,1.851,0.3,0
1.1494,2.7211e+05,0.77771,297.6,-45.048,0,93080,-0.23657,282.1,1,1.854,1.854,0.3,0
1.1513,2.7249e+05,0.7755,297.35,-44.785,0,93287,-0.23062,282.27,1,1.857,1.857,0.3,0
1.1531,2.7286e+05,0.77332,297.11,-44.524,0,93490,-0.22478,282.44,1,1.86,1.86,0.3,0
1.1549,2.7323e+05,0.77119,296.86,-44.263,0,93689,-0.21906,282.61,1,1.863,1.863,0.3,0
1.1566,2.7359e+05,0.76908,296.62,-44.002,0,93885,-0.2134,282.77,1,1.866,1.866,0.3,0
1.1583,2.7394e+05,0.76702,296.38,-43.742,0,94078,-0.20785,282.93,1,1.869,1.869,0.3,0
1.16,2.7429e+05,0.76499,296.14,-43.481,0,94268,-0.20239,283.09,1,1.872,1.872,0.3,0
1.1617,2.7463e+05,0.76298,295.91,-43.221,0,94455,-0.19699,283.25,1,1.875,1.875,0.3,0
1.1633,2.7496e+05,0.76102,295.67,-42.96,0,94639,-0.19171,283.4,1,1.878,1.878,0.3,0
1.1649,2.753e+05,0.75909,295.44,-42.699,0,94820,-0.18649,283.55,1,1.881,1.881,0.3,0
1.1665,2.7562e+05,0.75718,295.21,-42.437,0,94999,-0.18133,283.69,1,1.884,1.884,0.3,0
1.1681,2.7594e+05,0.75531,294.98,-42.174,0,95175,-0.17629,283.84,1,1.887,1.887,0.3,0
1.1696,2.7626e+05,0.75346,294.75,-41.91,0,95348,-0.1713,283.98,1,1.89,1.89,0.3,0
1.1712,2.7657e+05,0.75163,294.53,-41.646,0,95519,-0.16638,284.12,1,1.893,1.893,0.3,0
1.1727,2.7688e+05,0.74984,294.3,-41.379,0,95687,-0.16155,284.26,1,1.896,1.896,0.3,0
1.1741,2.7718e+05,0.74807,294.08,-41.112,0,95853,-0.15677,284.39,1,1.899,1.899,0.3,0
1.1756,2.7748e+05,0.74633,293.86,-40.844,0,96016,-0.15207,284.53,1,1.902,1.902,0.3,0
1.177,2.7777e+05,0.74462,293.64,-40.574,0,96177,-0.14745,284.66,1,1.905,1.905,0.3,0
1.1784,2.7806e+05,0.74292,293.42,-40.302,0,96336,-0.14287,284.79,1,1.908,1.908,0.3,0
1.1798,2.7834e+05,0.74126,293.21,-40.029,0,96492,-0.13838,284.91,1,1.911,1.911,0.3,0
1.1812,2.7862e+05,0.73962,292.99,-39.754,0,96645,-0.13396,285.04,1,1.914,1.914,0.3,0
1.1825,2.789e+05,0.738,292.78,-39.478,0,96797,-0.12959,285.16,1,1.917,1.917,0.3,0
1.1838,2.7917e+05,0.73642,292.57,-39.199,0,96946,-0.12531,285.28,1,1.92,1.92,0.3,0
1.1851,2.7943e+05,0.73484,292.36,-38.919,0,97093,-0.12108,285.4,1,1.923,1.923,0.3,0
1.1864,2.797e+05,0.73329,292.15,-38.638,0,97238,-0.1169,285.52,1,1.926,1.926,0.3,0
1.1877,2.7995e+05,0.73177,291.95,-38.353,0,97380,-0.11282,285.63,1,1.929,1.929,0.3,0
1.1889,2.8021e+05,0.73028,291.75,-38.068,0,97520,-0.10878,285.75,1,1.932,1.932,0.3,0
1.1901,2.8046e+05,0.7288,291.55,-37.781,0,97658,-0.10481,285.86,1,1.935,1.935,0.3,0
1.1913,2.807e+05,0.72735,291.35,-37.491,0,97794,-0.10092,285.97,1,1.938,1.938,0.3,0
1.1925,2.8094e+05,0.72592,291.15,-37.2,0,97927,-0.09707,286.07,1,1.941,1.941,0.3,0
1.1936,2.8118e+05,0.72451,290.95,-36.907,0,98058,-0.093292,286.18,1,1.944,1.944,0.3,0
1.1948,2.8141e+05,0.72313,290.76,-36.612,0,98187,-0.089593,286.28,1,1.947,1.947,0.3,0
1.1959,2.8164e+05,0.72178,290.57,-36.316,0,98314,-0.085941,286.38,1,1.95,1.95,0.3,0
1.197,2.8186e+05,0.72044,290.38,-36.018,0,98438,-0.082359,286.49,1,1.953,1.953,0.3,0
1.1981,2.8208e+05,0.71912,290.2,-35.718,0,98560,-0.078848,286.58,1,1.956,1.956,0.3,0
1.1991,2.823e+05,0.71783,290.01,-35.417,0,98681,-0.075384,286.68,1,1.959,1.959,0.3,0
1.2002,2.8251e+05,0.71657,289.84,-35.114,0,98798,-0.072001,286.77,1,1.962,1.962,0.3,0
1.2012,2.8271e+05,0.71534,289.66,-34.81,0,98914,-0.068683,286.87,1,1.965,1.965,0.3,0
1.2022,2.8292e+05,0.71411,289.48,-34.504,0,99027,-0.065407,286.96,1,1.968,1.968,0.3,0
1.2032,2.8312e+05,0.71291,289.31,-34.196,0,99138,-0.062216,287.05,1,1.971,1.971,0.3,0
1.2041,2.8331e+05,0.71174,289.14,-33.888,0,99247,-0.059084,287.13,1,1.974,1.974,0.3,0
1.205,2.835e+05,0.71059,288.98,-33.58,0,99354,-0.056005,287.22,1,1.977,1.977,0.3,0
1.206,2.8369e+05,0.70947,288.82,-33.267,0,99458,-0.053007,287.3,1,1.98,1.98,0.3,0
1.2069,2.8387e+05,0.70836,288.66,-32.957,0,99561,-0.05006,287.38,1,1.983,1.983,0.3,0
1.2077,2.8405e+05,0.70728,288.49,-32.648,0,99661,-0.047179,287.46,1,1.986,1.986,0.3,0
1.2086,2.8423e+05,0.70623,288.35,-32.324,0,99759,-0.04436,287.54,1,1.989,1.989,0.3,0
1.2094,2.844e+05,0.7052,288.2,-32.014,0,99854,-0.041602,287.62,1,1.992,1.992,0.3,0
1.2103,2.8456e+05,0.70419,288.04,-31.725,0,99948,-0.038924,287.69,1,1.995,1.995,0.3,0
1.2111,2.8473e+05,0.7032,287.9,-31.388,0,1.0004e+05,-0.036283,287.76,1,1.998,1.998,0.3,0
1.2118,2.8489e+05,0.70223,287.76,-31.056,0,1.0013e+05,-0.033698,287.84,1,2.001,2.001,0.3,0
1.2126,2.8504e+05,0.7013,287.62,-30.746,0,1.0022e+05,-0.031209,287.9,1,2.004,2.004,0.3,0
1.2133,2.8519e+05,0.70038,287.49,-30.434,0,1.003e+05,-0.028747,287.97,1,2.007,2.007,0.3,0
1.2141,2.8534e+05,0.69949,287.36,-30.118,0,1.0038e+05,-0.026365,288.04,1,2.01,2.01,0.3,0
1.2148,2.8549e+05,0.69861,287.23,-29.802,0,1.0047e+05,-0.02401,288.1,1,2.013,2.013,0.3,0
1.2155,2.8563e+05,0.69777,287.11,-29.486,0,1.0054e+05,-0.021768,288.16,1,2.016,2.016,0.3,0
1.2162,2.8576e+05,0.69694,286.99,-29.169,0,1.0062e+05,-0.019541,288.22,1,2.019,2.019,0.3,0
1.2168,2.859e+05,0.69614,286.87,-28.853,0,1.0069e+05,-0.017421,288.28,1,2.022,2.022,0.3,0
1.2174,2.8603e+05,0.69535,286.76,-28.537,0,1.0077e+05,-0.015308,288.34,1,2.025,2.025,0.3,0
1.2181,2.8615e+05,0.69461,286.65,-28.222,0,1.0084e+05,-0.013306,288.4,1,2.028,2.028,0.3,0
1.2187,2.8627e+05,0.69386,286.54,-27.907,0,1.0091e+05,-0.011305,288.45,1,2.031,2.031,0.3,0
1.2192,2.8639e+05,0.69315,286.44,-27.594,0,1.0097e+05,-0.0094184,288.5,1,2.034,2.034,0.3,0
1.2198,2.8651e+05,0.69245,286.34,-27.28,0,1.0104e+05,-0.0075342,288.55,1,2.037,2.037,0.3,0
1.2203,2.8662e+05,0.69179,286.24,-26.968,0,1.011e+05,-0.0057551,288.6,1,2.04,2.04,0.3,0
1.2209,2.8673e+05,0.69113,286.15,-26.657,0,1.0116e+05,-0.0039862,288.65,1,2.043,2.043,0.3,0
1.2214,2.8683e+05,0.69051,286.06,-26.347,0,1.0122e+05,-0.0023112,288.69,1,2.046,2.046,0.3,0
1.2219,2.8694e+05,0.68989,285.97,-26.038,0,1.0128e+05,-0.00065401,288.74,1,2.049,2.049,0.3,0
1.2224,2.8703e+05,0.68931,285.89,-25.73,0,1.0133e+05,0.00091962,288.78,1,2.052,2.052,0.3,0
1.2229,2.8713e+05,0.68873,285.81,-25.424,0,1.0139e+05,0.0024683,288.82,1,2.055,2.055,0.3,0
1.2233,2.8722e+05,0.68818,285.73,-25.119,0,1.0144e+05,0.0039433,288.86,1,2.058,2.058,0.3,0
1.2237,2.8731e+05,0.68765,285.66,-24.816,0,1.0149e+05,0.0053867,288.9,1,2.061,2.061,0.3,0
1.2242,2.874e+05,0.68714,285.59,-24.514,0,1.0154e+05,0.0067661,288.94,1,2.064,2.064,0.3,0
1.2246,2.8748e+05,0.68664,285.52,-24.214,0,1.0158e+05,0.0081078,288.97,1,2.067,2.067,0.3,0
1.225,2.8756e+05,0.68617,285.46,-23.916,0,1.0163e+05,0.0093947,289.01,1,2.07,2.07,0.3,0
1.2253,2.8764e+05,0.68571,285.4,-23.62,0,1.0167e+05,0.010638,289.04,1,2.073,2.073,0.3,0
1.2257,2.8771e+05,0.68527,285.34,-23.325,0,1.0171e+05,0.011836,289.07,1,2.076,2.076,0.3,0
1.2261,2.8778e+05,0.68485,285.28,-23.033,0,1.0175e+05,0.012985,289.11,1,2.079,2.079,0.3,0
1.2264,2.8785e+05,0.68444,285.23,-22.743,0,1.0179e+05,0.014097,289.13,1,2.082,2.082,0.3,0
1.2267,2.8792e+05,0.68405,285.18,-22.455,0,1.0183e+05,0.015155,289.16,1,2.085,2.085,0.3,0
1.227,2.8798e+05,0.68367,285.13,-22.169,0,1.0186e+05,0.016184,289.19,1,2.088,2.088,0.3,0
1.2273,2.8804e+05,0.68332,285.08,-21.885,0,1.019e+05,0.017156,289.22,1,2.091,2.091,0.3,0
1.2276,2.881e+05,0.68297,285.04,-21.603,0,1.0193e+05,0.018106,289.24,1,2.094,2.094,0.3,0
1.2279,2.8816e+05,0.68265,285,-21.325,0,1.0196e+05,0.018995,289.26,1,2.097,2.097,0.3,0
1.2282,2.8822e+05,0.68234,284.96,-21.047,0,1.0199e+05,0.019868,289.29,1,2.1,2.1,0.3,0
1.2284,2.8827e+05,0.68204,284.93,-20.774,0,1.0202e+05,0.020679,289.31,1,2.103,2.103,0.3,0
1.2287,2.8832e+05,0.68175,284.9,-20.501,0,1.0205e+05,0.021479,289.33,1,2.106,2.106,0.3,0
1.2289,2.8836e+05,0.68149,284.87,-20.233,0,1.0207e+05,0.022215,289.35,1,2.109,2.109,0.3,0
1.2291,2.8841e+05,0.68123,284.84,-19.965,0,1.021e+05,0.022946,289.37,1,2.112,2.112,0.3,0
1.2293,2.8845e+05,0.68099,284.81,-19.702,0,1.0212e+05,0.02361,289.38,1,2.115,2.115,0.3,0
1.2295,2.8849e+05,0.68075,284.79,-19.439,0,1.0214e+05,0.024275,289.4,1,2.118,2.118,0.3,0
1.2297,2.8853e+05,0.68054,284.77,-19.182,0,1.0216e+05,0.024872,289.42,1,2.121,2.121,0.3,0
1.2299,2.8857e+05,0.68033,284.75,-18.924,0,1.0218e+05,0.025469,289.43,1,2.124,2.124,0.3,0
1.2301,2.886e+05,0.68014,284.73,-18.672,0,1.022e+05,0.026008,289.44,1,2.127,2.127,0.3,0
1.2302,2.8864e+05,0.67996,284.71,-18.42,0,1.0222e+05,0.026541,289.46,1,2.13,2.13,0.3,0
1.2304,2.8867e+05,0.67979,284.7,-18.173,0,1.0224e+05,0.027023,289.47,1,2.133,2.133,0.3,0
1.2305,2.887e+05,0.67963,284.69,-17.927,0,1.0226e+05,0.027497,289.48,1,2.136,2.136,0.3,0
1.2307,2.8873e+05,0.67948,284.68,-17.685,0,1.0227e+05,0.027926,289.49,1,2.139,2.139,0.3,0
1.2308,2.8876e+05,0.67934,284.67,-17.444,0,1.0228e+05,0.028344,289.5,1,2.142,2.142,0.3,0
1.2309,2.8878e+05,0.67921,284.66,-17.208,0,1.023e+05,0.028723,289.51,1,2.145,2.145,0.3,0
1.231,2.888e+05,0.67909,284.65,-16.973,0,1.0231e+05,0.029087,289.52,1,2.148,2.148,0.3,0
1.2311,2.8883e+05,0.67898,284.65,-16.741,0,1.0232e+05,0.02942,289.53,1,2.151,2.151,0.3,0
1.2312,2.8885e+05,0.67888,284.65,-16.512,0,1.0233e+05,0.029734,289.54,1,2.154,2.154,0.3,0
1.2313,2.8887e+05,0.67878,284.64,-16.286,0,1.0234e+05,0.030022,289.54,1,2.157,2.157,0.3,0
1.2314,2.8888e+05,0.6787,284.64,-16.062,0,1.0235e+05,0.03029,289.55,1,2.16,2.16,0.3,0
1.2315,2.889e+05,0.67862,284.65,-15.842,0,1.0236e+05,0.030537,289.55,1,2.163,2.163,0.3,0
1.2316,2.8892e+05,0.67855,284.65,-15.624,0,1.0237e+05,0.030761,289.56,1,2.166,2.166,0.3,0
1.2316,2.8893e+05,0.67849,284.65,-15.408,0,1.0238e+05,0.030969,289.56,1,2.169,2.169,0.3,0
1.2317,2.8894e+05,0.67844,284.66,-15.196,0,1.0238e+05,0.031153,289.57,1,2.172,2.172,0.3,0
1.2318,2.8896e+05,0.67839,284.66,-14.986,0,1.0239e+05,0.031324,289.57,1,2.175,2.175,0.3,0
1.2318,2.8897e+05,0.67835,284.67,-14.779,0,1.0239e+05,0.031471,289.57,1,2.178,2.178,0.3,0
1.2319,2.8898e+05,0.67831,284.68,-14.574,0,1.024e+05,0.031607,289.58,1,2.181,2.181,0.3,0
1.2319,2.8898e+05,0.67829,284.69,-14.373,0,1.024e+05,0.031719,289.58,1,2.184,2.184,0.3,0
1.2319,2.8899e+05,0.67826,284.7,-14.173,0,1.0241e+05,0.031824,289.58,1,2.187,2.187,0.3,0
1.232,2.89e+05,0.67825,284.71,-13.977,0,1.0241e+05,0.031903,289.58,1,2.19,2.19,0.3,0
1.232,2.89e+05,0.67824,284.72,-13.782,0,1.0241e+05,0.031978,289.58,1,2.193,2.193,0.3,0
1.232,2.8901e+05,0.67824,284.73,-13.591,0,1.0241e+05,0.032028,289.58,1,2.196,2.196,0.3,0
1.232,2.8901e+05,0.67823,284.74,-13.402,0,1.0241e+05,0.032075,289.58,1,2.199,2.199,0.3,0
1.232,2.8902e+05,0.67824,284.76,-13.216,0,1.0242e+05,0.032097,289.58,1,2.202,2.202,0.3,0
1.232,2.8902e+05,0.67825,284.77,-13.031,0,1.0242e+05,0.032119,289.58,1,2.205,2.205,0.3,0
1.2321,2.8902e+05,0.67827,284.79,-12.851,0,1.0242e+05,0.032116,289.58,1,2.208,2.208,0.3,0
1.2321,2.8902e+05,0.67828,284.8,-12.671,0,1.0242e+05,0.032112,289.58,1,2.211,2.211,0.3,0
1.2321,2.8902e+05,0.67831,284.82,-12.496,0,1.0241e+05,0.032087,289.58,1,2.214,2.214,0.3,0
1.232,2.8902e+05,0.67833,284.84,-12.321,0,1.0241e+05,0.03206,289.58,1,2.217,2.217,0.3,0
1.232,2.8902e+05,0.67837,284.85,-12.151,0,1.0241e+05,0.032015,289.57,1,2.22,2.22,0.3,0
1.232,2.8902e+05,0.6784,284.87,-11.981,0,1.0241e+05,0.031966,289.57,1,2.223,2.223,0.3,0
1.232,2.8902e+05,0.67844,284.89,-11.815,0,1.0241e+05,0.031902,289.57,1,2.226,2.226,0.3,0
1.232,2.8901e+05,0.67848,284.91,-11.65,0,1.0241e+05,0.031835,289.56,1,2.229,2.229,0.3,0
1.232,2.8901e+05,0.67853,284.93,-11.488,0,1.024e+05,0.031754,289.56,1,2.232,2.232,0.3,0
1.232,2.8901e+05,0.67858,284.95,-11.328,0,1.024e+05,0.031668,289.56,1,2.235,2.235,0.3,0
1.2319,2.89e+05,0.67863,284.97,-11.171,0,1.024e+05,0.031571,289.55,1,2.238,2.238,0.3,0
1.2319,2.89e+05,0.67868,284.99,-11.015,0,1.0239e+05,0.031469,289.55,1,2.241,2.241,0.3,0
1.2319,2.8899e+05,0.67874,285.01,-10.862,0,1.0239e+05,0.031359,289.55,1,2.244,2.244,0.3,0
1.2318,2.8899e+05,0.6788,285.03,-10.711,0,1.0239e+05,0.031242,289.54,1,2.247,2.247,0.3,0
1.2318,2.8898e+05,0.67886,285.05,-10.563,0,1.0238e+05,0.031118,289.54,1,2.25,2.25,0.3,0
1.2318,2.8897e+05,0.67892,285.08,-10.416,0,1.0238e+05,0.030988,289.53,1,2.253,2.253,0.3,0
1.2317,2.8897e+05,0.67899,285.1,-10.271,0,1.0237e+05,0.030852,289.53,1,2.256,2.256,0.3,0
1.2317,2.8896e+05,0.67906,285.12,-10.129,0,1.0237e+05,0.03071,289.52,1,2.259,2.259,0.3,0
1.2317,2.8895e+05,0.67913,285.14,-9.9882,0,1.0236e+05,0.030564,289.52,1,2.262,2.262,0.3,0
1.2316,2.8894e+05,0.6792,285.17,-9.8501,0,1.0236e+05,0.03041,289.51,1,2.265,2.265,0.3,0
1.2316,2.8894e+05,0.67927,285.19,-9.7133,0,1.0235e+05,0.030254,289.51,1,2.268,2.268,0.3,0
1.2315,2.8893e+05,0.67935,285.21,-9.5792,0,1.0235e+05,0.030091,289.5,1,2.271,2.271,0.3,0
1.2315,2.8892e+05,0.67942,285.24,-9.4462,0,1.0234e+05,0.029927,289.5,1,2.274,2.274,0.3,0
1.2314,2.8891e+05,0.6795,285.26,-9.3161,0,1.0233e+05,0.029755,289.49,1,2.277,2.277,0.3,0
1.2314,2.889e+05,0.67958,285.28,-9.1868,0,1.0233e+05,0.029582,289.49,1,2.28,2.28,0.3,0
1.2313,2.8889e+05,0.67966,285.31,-9.0606,0,1.0232e+05,0.029403,289.48,1,2.283,2.283,0.3,0
1.2313,2.8888e+05,0.67974,285.33,-8.9348,0,1.0232e+05,0.029224,289.47,1,2.286,2.286,0.3,0
1.2312,2.8887e+05,0.67983,285.35,-8.8124,0,1.0231e+05,0.029038,289.47,1,2.289,2.289,0.3,0
1.2312,2.8886e+05,0.67991,285.38,-8.6901,0,1.023e+05,0.028852,289.46,1,2.292,2.292,0.3,0
1.2311,2.8885e+05,0.67999,285.4,-8.5713,0,1.023e+05,0.02866,289.46,1,2.295,2.295,0.3,0
1.2311,2.8884e+05,0.68008,285.42,-8.4526,0,1.0229e+05,0.028468,289.45,1,2.298,2.298,0.3,0
1.231,2.8883e+05,0.68017,285.45,-8.3372,0,1.0228e+05,0.028272,289.44,1,2.301,2.301,0.3,0
1.231,2.8882e+05,0.68025,285.47,-8.222,0,1.0228e+05,0.028075,289.44,1,2.304,2.304,0.3,0
1.2309,2.8881e+05,0.68034,285.5,-8.1099,0,1.0227e+05,0.027874,289.43,1,2.307,2.307,0.3,0
1.2309,2.888e+05,0.68043,285.52,-7.9981,0,1.0226e+05,0.027673,289.42,1,2.31,2.31,0.3,0
1.2308,2.8878e+05,0.68052,285.54,-7.8891,0,1.0225e+05,0.027469,289.42,1,2.313,2.313,0.3,0
1.2307,2.8877e+05,0.68061,285.57,-7.7807,0,1.0225e+05,0.027264,289.41,1,2.316,2.316,0.3,0
1.2307,2.8876e+05,0.6807,285.59,-7.6747,0,1.0224e+05,0.027057,289.4,1,2.319,2.319,0.3,0
1.2306,2.8875e+05,0.68079,285.62,-7.5695,0,1.0223e+05,0.026849,289.4,1,2.322,2.322,0.3,0
1.2306,2.8874e+05,0.68088,285.64,-7.4664,0,1.0223e+05,0.02664,289.39,1,2.325,2.325,0.3,0
1.2305,2.8873e+05,0.68097,285.66,-7.3644,0,1.0222e+05,0.026429,289.39,1,2.328,2.328,0.3,0
1.2304,2.8871e+05,0.68106,285.69,-7.2642,0,1.0221e+05,0.026218,289.38,1,2.331,2.331,0.3,0
1.2304,2.887e+05,0.68115,285.71,-7.1652,0,1.022e+05,0.026005,289.37,1,2.334,2.334,0.3,0
1.2303,2.8869e+05,0.68125,285.73,-7.0678,0,1.022e+05,0.025792,289.37,1,2.337,2.337,0.3,0
1.2303,2.8868e+05,0.68134,285.76,-6.9718,0,1.0219e+05,0.025578,289.36,1,2.34,2.34,0.3,0
1.2302,2.8867e+05,0.68143,285.78,-6.8771,0,1.0218e+05,0.025364,289.35,1,2.343,2.343,0.3,0
1.2301,2.8865e+05,0.68152,285.8,-6.784,0,1.0217e+05,0.025149,289.35,1,2.346,2.346,0.3,0
1.2301,2.8864e+05,0.68161,285.83,-6.6919,0,1.0217e+05,0.024934,289.34,1,2.349,2.349,0.3,0
1.23,2.8863e+05,0.68171,285.85,-6.6015,0,1.0216e+05,0.024719,289.33,1,2.352,2.352,0.3,0
1.23,2.8862e+05,0.6818,285.87,-6.512,0,1.0215e+05,0.024504,289.33,1,2.355,2.355,0.3,0
1.2299,2.8861e+05,0.68189,285.9,-6.4244,0,1.0214e+05,0.024288,289.32,1,2.358,2.358,0.3,0
1.2298,2.8859e+05,0.68198,285.92,-6.3373,0,1.0214e+05,0.024072,289.31,1,2.361,2.361,0.3,0
1.2298,2.8858e+05,0.68207,285.94,-6.2523,0,1.0213e+05,0.023857,289.31,1,2.364,2.364,0.3,0
1.2297,2.8857e+05,0.68217,285.96,-6.1677,0,1.0212e+05,0.023642,289.3,1,2.367,2.367,0.3,0
1.2296,2.8856e+05,0.68226,285.99,-6.0851,0,1.0211e+05,0.023427,289.29,1,2.37,2.37,0.3,0
1.2296,2.8854e+05,0.68235,286.01,-6.0029,0,1.0211e+05,0.023212,289.29,1,2.373,2.373,0.3,0
1.2295,2.8853e+05,0.68244,286.03,-5.9228,0,1.021e+05,0.022997,289.28,1,2.376,2.376,0.3,0
1.2295,2.8852e+05,0.68253,286.05,-5.8428,0,1.0209e+05,0.022783,289.27,1,2.379,2.379,0.3,0
1.2294,2.8851e+05,0.68262,286.07,-5.7651,0,1.0208e+05,0.02257,289.27,1,2.382,2.382,0.3,0
1.2293,2.885e+05,0.68271,286.1,-5.6874,0,1.0208e+05,0.022356,289.26,1,2.385,2.385,0.3,0
1.2293,2.8848e+05,0.6828,286.12,-5.612,0,1.0207e+05,0.022144,289.25,1,2.388,2.388,0.3,0
1.2292,2.8847e+05,0.68289,286.14,-5.5366,0,1.0206e+05,0.021932,289.25,1,2.391,2.391,0.3,0
1.2291,2.8846e+05,0.68298,286.16,-5.4632,0,1.0205e+05,0.021721,289.24,1,2.394,2.394,0.3,0
1.2291,2.8845e+05,0.68306,286.18,-5.39,0,1.0205e+05,0.021511,289.23,1,2.397,2.397,0.3,0
1.229,2.8844e+05,0.68315,286.2,-5.3187,0,1.0204e+05,0.021301,289.23,1,2.4,2.4,0.3,0
1.229,2.8842e+05,0.68324,286.22,-5.2477,0,1.0203e+05,0.021092,289.22,1,2.403,2.403,0.3,0
1.2289,2.8841e+05,0.68333,286.24,-5.1783,0,1.0203e+05,0.020885,289.21,1,2.406,2.406,0.3,0
1.2288,2.884e+05,0.68341,286.26,-5.1094,0,1.0202e+05,0.020677,289.21,1,2.409,2.409,0.3,0
1.2288,2.8839e+05,0.6835,286.28,-5.0419,0,1.0201e+05,0.020472,289.2,1,2.412,2.412,0.3,0
1.2287,2.8838e+05,0.68359,286.3,-4.975,0,1.02e+05,0.020266,289.2,1,2.415,2.415,0.3,0
1.2287,2.8836e+05,0.68367,286.33,-4.9094,0,1.02e+05,0.020062,289.19,1,2.418,2.418,0.3,0
1.2286,2.8835e+05,0.68376,286.34,-4.8445,0,1.0199e+05,0.019859,289.18,1,2.421,2.421,0.3,0
1.2286,2.8834e+05,0.68384,286.36,-4.7807,0,1.0198e+05,0.019657,289.18,1,2.424,2.424,0.3,0
1.2285,2.8833e+05,0.68393,286.38,-4.7177,0,1.0198e+05,0.019456,289.17,1,2.427,2.427,0.3,0
1.2284,2.8832e+05,0.68401,286.4,-4.6556,0,1.0197e+05,0.019256,289.17,1,2.43,2.43,0.3,0
1.2284,2.8831e+05,0.68409,286.42,-4.5945,0,1.0196e+05,0.019058,289.16,1,2.433,2.433,0.3,0
1.2283,2.883e+05,0.68417,286.44,-4.5341,0,1.0196e+05,0.01886,289.15,1,2.436,2.436,0.3,0
1.2283,2.8828e+05,0.68426,286.46,-4.4747,0,1.0195e+05,0.018664,289.15,1,2.439,2.439,0.3,0
1.2282,2.8827e+05,0.68434,286.48,-4.416,0,1.0194e+05,0.018468,289.14,1,2.442,2.442,0.3,0
1.2281,2.8826e+05,0.68442,286.5,-4.3584,0,1.0193e+05,0.018275,289.14,1,2.445,2.445,0.3,0
1.2281,2.8825e+05,0.6845,286.52,-4.3013,0,1.0193e+05,0.018082,289.13,1,2.448,2.448,0.3,0
1.228,2.8824e+05,0.68458,286.54,-4.2454,0,1.0192e+05,0.01789,289.12,1,2.451,2.451,0.3,0
1.228,2.8823e+05,0.68466,286.55,-4.1898,0,1.0192e+05,0.0177,289.12,1,2.454,2.454,0.3,0
1.2279,2.8822e+05,0.68474,286.57,-4.1355,0,1.0191e+05,0.017511,289.11,1,2.457,2.457,0.3,0
1.2279,2.8821e+05,0.68481,286.59,-4.0814,0,1.019e+05,0.017323,289.11,1,2.46,2.46,0.3,0
1.2278,2.882e+05,0.68489,286.61,-4.0288,0,1.019e+05,0.017137,289.1,1,2.463,2.463,0.3,0
1.2278,2.8819e+05,0.68497,286.62,-3.9762,0,1.0189e+05,0.016952,289.1,1,2.466,2.466,0.3,0
1.2277,2.8817e+05,0.68504,286.64,-3.925,0,1.0188e+05,0.016769,289.09,1,2.469,2.469,0.3,0
1.2277,2.8816e+05,0.68512,286.66,-3.8739,0,1.0188e+05,0.016586,289.09,1,2.472,2.472,0.3,0
1.2276,2.8815e+05,0.68519,286.68,-3.8242,0,1.0187e+05,0.016405,289.08,1,2.475,2.475,0.3,0
1.2276,2.8814e+05,0.68527,286.69,-3.7746,0,1.0186e+05,0.016225,289.07,1,2.478,2.478,0.3,0
1.2275,2.8813e+05,0.68534,286.71,-3.7262,0,1.0186e+05,0.016047,289.07,1,2.481,2.481,0.3,0
1.2274,2.8812e+05,0.68542,286.73,-3.678,0,1.0185e+05,0.01587,289.06,1,2.484,2.484,0.3,0
1.2274,2.8811e+05,0.68549,286.74,-3.631,0,1.0185e+05,0.015694,289.06,1,2.487,2.487,0.3,0
1.2273,2.881e+05,0.68556,286.76,-3.5842,0,1.0184e+05,0.01552,289.05,1,2.49,2.49,0.3,0
1.2273,2.8809e+05,0.68563,286.77,-3.5385,0,1.0183e+05,0.015347,289.05,1,2.493,2.493,0.3,0
1.2272,2.8808e+05,0.6857,286.79,-3.493,0,1.0183e+05,0.015175,289.04,1,2.496,2.496,0.3,0
1.2272,2.8807e+05,0.68577,286.81,-3.4485,0,1.0182e+05,0.015006,289.04,1,2.499,2.499,0.3,0
1.2271,2.8806e+05,0.68584,286.82,-3.4044,0,1.0182e+05,0.014837,289.03,1,2.502,2.502,0.3,0
1.2271,2.8805e+05,0.68591,286.84,-3.3611,0,1.0181e+05,0.014669,289.03,1,2.505,2.505,0.3,0
1.2271,2.8804e+05,0.68598,286.85,-3.3182,0,1.018e+05,0.014503,289.02,1,2.508,2.508,0.3,0
1.227,2.8803e+05,0.68605,286.87,-3.2761,0,1.018e+05,0.014339,289.02,1,2.511,2.511,0.3,0
1.227,2.8802e+05,0.68611,286.88,-3.2345,0,1.0179e+05,0.014175,289.01,1,2.514,2.514,0.3,0
1.2269,2.8802e+05,0.68618,286.9,-3.1935,0,1.0179e+05,0.014013,289.01,1,2.517,2.517,0.3,0
1.2269,2.8801e+05,0.68625,286.91,-3.1531,0,1.0178e+05,0.013853,289,1,2.52,2.52,0.3,0
1.2268,2.88e+05,0.68631,286.93,-3.1133,0,1.0178e+05,0.013693,289,1,2.523,2.523,0.3,0
1.2268,2.8799e+05,0.68638,286.94,-3.074,0,1.0177e+05,0.013536,288.99,1,2.526,2.526,0.3,0
1.2267,2.8798e+05,0.68644,286.96,-3.0352,0,1.0176e+05,0.013379,288.99,1,2.529,2.529,0.3,0
1.2267,2.8797e+05,0.68651,286.97,-2.9972,0,1.0176e+05,0.013224,288.98,1,2.532,2.532,0.3,0
1.2266,2.8796e+05,0.68657,286.98,-2.9594,0,1.0175e+05,0.01307,288.98,1,2.535,2.535,0.3,0
1.2266,2.8795e+05,0.68663,287,-2.9224,0,1.0175e+05,0.012918,288.98,1,2.538,2.538,0.3,0
1.2265,2.8794e+05,0.68669,287.01,-2.8857,0,1.0174e+05,0.012766,288.97,1,2.541,2.541,0.3,0
1.2265,2.8793e+05,0.68676,287.03,-2.8498,0,1.0174e+05,0.012617,288.97,1,2.544,2.544,0.3,0
1.2265,2.8793e+05,0.68682,287.04,-2.814,0,1.0173e+05,0.012468,288.96,1,2.547,2.547,0.3,0
1.2264,2.8792e+05,0.68688,287.05,-2.7792,0,1.0173e+05,0.012321,288.96,1,2.55,2.55,0.3,0
1.2264,2.8791e+05,0.68694,287.07,-2.7444,0,1.0172e+05,0.012175,288.95,1,2.553,2.553,0.3,0
1.2263,2.879e+05,0.687,287.08,-2.7106,0,1.0172e+05,0.012031,288.95,1,2.556,2.556,0.3,0
1.2263,2.8789e+05,0.68706,287.09,-2.6767,0,1.0171e+05,0.011887,288.94,1,2.559,2.559,0.3,0
1.2262,2.8788e+05,0.68711,287.1,-2.6439,0,1.0171e+05,0.011746,288.94,1,2.562,2.562,0.3,0
1.2262,2.8788e+05,0.68717,287.12,-2.611,0,1.017e+05,0.011605,288.94,1,2.565,2.565,0.3,0
1.2262,2.8787e+05,0.68723,287.13,-2.579,0,1.017e+05,0.011466,288.93,1,2.568,2.568,0.3,0
1.2261,2.8786e+05,0.68729,287.14,-2.5471,0,1.0169e+05,0.011328,288.93,1,2.571,2.571,0.3,0
1.2261,2.8785e+05,0.68734,287.15,-2.516,0,1.0169e+05,0.011191,288.92,1,2.574,2.574,0.3,0
1.226,2.8784e+05,0.6874,287.17,-2.485,0,1.0168e+05,0.011055,288.92,1,2.577,2.577,0.3,0
1.226,2.8784e+05,0.68745,287.18,-2.4548,0,1.0168e+05,0.010922,288.92,1,2.58,2.58,0.3,0
1.226,2.8783e+05,0.68751,287.19,-2.4247,0,1.0167e+05,0.010788,288.91,1,2.583,2.583,0.3,0
1.2259,2.8782e+05,0.68756,287.2,-2.3953,0,1.0167e+05,0.010657,288.91,1,2.586,2.586,0.3,0
1.2259,2.8781e+05,0.68761,287.21,-2.3661,0,1.0167e+05,0.010526,288.9,1,2.589,2.589,0.3,0
1.2258,2.878e+05,0.68767,287.23,-2.3374,0,1.0166e+05,0.010397,288.9,1,2.592,2.592,0.3,0
1.2258,2.878e+05,0.68772,287.24,-2.3091,0,1.0166e+05,0.010268,288.9,1,2.595,2.595,0.3,0
1.2258,2.8779e+05,0.68777,287.25,-2.2812,0,1.0165e+05,0.010142,288.89,1,2.598,2.598,0.3,0
1.2257,2.8778e+05,0.68782,287.26,-2.2537,0,1.0165e+05,0.010016,288.89,1,2.601,2.601,0.3,0
1.2257,2.8778e+05,0.68787,287.27,-2.2266,0,1.0164e+05,0.0098913,288.89,1,2.604,2.604,0.3,0
1.2257,2.8777e+05,0.68792,287.28,-2.1999,0,1.0164e+05,0.0097679,288.88,1,2.607,2.607,0.3,0
1.2256,2.8776e+05,0.68797,287.29,-2.1735,0,1.0164e+05,0.0096456,288.88,1,2.61,2.61,0.3,0
1.2256,2.8775e+05,0.68802,287.3,-2.1476,0,1.0163e+05,0.0095247,288.87,1,2.613,2.613,0.3,0
1.2256,2.8775e+05,0.68807,287.31,-2.1219,0,1.0163e+05,0.0094046,288.87,1,2.616,2.616,0.3,0
1.2255,2.8774e+05,0.68812,287.32,-2.0968,0,1.0162e+05,0.009286,288.87,1,2.619,2.619,0.3,0
1.2255,2.8773e+05,0.68817,287.34,-2.0718,0,1.0162e+05,0.009168,288.86,1,2.622,2.622,0.3,0
1.2255,2.8773e+05,0.68822,287.35,-2.0474,0,1.0161e+05,0.0090517,288.86,1,2.625,2.625,0.3,0
1.2254,2.8772e+05,0.68826,287.36,-2.0231,0,1.0161e+05,0.0089359,288.86,1,2.628,2.628,0.3,0
1.2254,2.8771e+05,0.68831,287.37,-1.9994,0,1.0161e+05,0.0088219,288.85,1,2.631,2.631,0.3,0
1.2254,2.8771e+05,0.68836,287.38,-1.9759,0,1.016e+05,0.0087082,288.85,1,2.634,2.634,0.3,0
1.2253,2.877e+05,0.6884,287.39,-1.9529,0,1.016e+05,0.0085964,288.85,1,2.637,2.637,0.3,0
1.2253,2.8769e+05,0.68845,287.4,-1.9299,0,1.0159e+05,0.0084848,288.84,1,2.64,2.64,0.3,0
1.2253,2.8769e+05,0.68849,287.41,-1.9076,0,1.0159e+05,0.0083752,288.84,1,2.643,2.643,0.3,0
1.2252,2.8768e+05,0.68854,287.42,-1.8853,0,1.0159e+05,0.0082656,288.84,1,2.646,2.646,0.3,0
1.2252,2.8767e+05,0.68858,287.42,-1.8637,0,1.0158e+05,0.0081581,288.83,1,2.649,2.649,0.3,0
1.2252,2.8767e+05,0.68863,287.43,-1.842,0,1.0158e+05,0.0080507,288.83,1,2.652,2.652,0.3,0
1.2251,2.8766e+05,0.68867,287.44,-1.821,0,1.0158e+05,0.0079452,288.83,1,2.655,2.655,0.3,0
1.2251,2.8766e+05,0.68871,287.45,-1.8,0,1.0157e+05,0.0078398,288.82,1,2.658,2.658,0.3,0
1.2251,2.8765e+05,0.68875,287.46,-1.7795,0,1.0157e+05,0.0077362,288.82,1,2.661,2.661,0.3,0
1.225,2.8764e+05,0.6888,287.47,-1.7592,0,1.0157e+05,0.0076328,288.82,1,2.664,2.664,0.3,0
1.225,2.8764e+05,0.68884,287.48,-1.7393,0,1.0156e+05,0.0075311,288.82,1,2.667,2.667,0.3,0
1.225,2.8763e+05,0.68888,287.49,-1.7196,0,1.0156e+05,0.0074298,288.81,1,2.67,2.67,0.3,0
1.225,2.8763e+05,0.68892,287.5,-1.7002,0,1.0155e+05,0.0073299,288.81,1,2.673,2.673,0.3,0
1.2249,2.8762e+05,0.68896,287.51,-1.6811,0,1.0155e+05,0.0072305,288.81,1,2.676,2.676,0.3,0
1.2249,2.8761e+05,0.689,287.51,-1.6623,0,1.0155e+05,0.0071325,288.8,1,2.679,2.679,0.3,0
1.2249,2.8761e+05,0.68904,287.52,-1.6438,0,1.0154e+05,0.007035,288.8,1,2.682,2.682,0.3,0
1.2248,2.876e+05,0.68908,287.53,-1.6255,0,1.0154e+05,0.0069387,288.8,1,2.685,2.685,0.3,0
1.2248,2.876e+05,0.68912,287.54,-1.6075,0,1.0154e+05,0.0068431,288.8,1,2.688,2.688,0.3,0
1.2248,2.8759e+05,0.68916,287.55,-1.5898,0,1.0153e+05,0.0067485,288.79,1,2.691,2.691,0.3,0
1.2248,2.8759e+05,0.68919,287.56,-1.5724,0,1.0153e+05,0.0066548,288.79,1,2.694,2.694,0.3,0
1.2247,2.8758e+05,0.68923,287.56,-1.5552,0,1.0153e+05,0.0065618,288.79,1,2.697,2.697,0.3,0
1.2247,2.8758e+05,0.68927,287.57,-1.5383,0,1.0152e+05,0.0064699,288.78,1,2.7,2.7,0.3,0
1.2247,2.8757e+05,0.68931,287.58,-1.5216,0,1.0152e+05,0.0063786,288.78,1,2.703,2.703,0.3,0
1.2246,2.8756e+05,0.68934,287.59,-1.5052,0,1.0152e+05,0.0062884,288.78,1,2.706,2.706,0.3,0
1.2246,2.8756e+05,0.68938,287.6,-1.489,0,1.0152e+05,0.0061987,288.78,1,2.709,2.709,0.3,0
1.2246,2.8755e+05,0.68942,287.6,-1.4732,0,1.0151e+05,0.0061102,288.77,1,2.712,2.712,0.3,0
1.2246,2.8755e+05,0.68945,287.61,-1.4575,0,1.0151e+05,0.0060221,288.77,1,2.715,2.715,0.3,0
1.2245,2.8754e+05,0.68949,287.62,-1.4421,0,1.0151e+05,0.0059353,288.77,1,2.718,2.718,0.3,0
1.2245,2.8754e+05,0.68952,287.63,-1.4268,0,1.015e+05,0.0058487,288.77,1,2.721,2.721,0.3,0
1.2245,2.8753e+05,0.68956,287.63,-1.412,0,1.015e+05,0.0057635,288.76,1,2.724,2.724,0.3,0
1.2245,2.8753e+05,0.68959,287.64,-1.3972,0,1.015e+05,0.0056784,288.76,1,2.727,2.727,0.3,0
1.2244,2.8752e+05,0.68963,287.65,-1.3828,0,1.0149e+05,0.0055948,288.76,1,2.73,2.73,0.3,0
1.2244,2.8752e+05,0.68966,287.66,-1.3684,0,1.0149e+05,0.0055111,288.76,1,2.733,2.733,0.3,0
1.2244,2.8751e+05,0.68969,287.66,-1.3545,0,1.0149e+05,0.005429,288.75,1,2.736,2.736,0.3,0
1.2244,2.8751e+05,0.68973,287.67,-1.3406,0,1.0149e+05,0.0053469,288.75,1,2.739,2.739,0.3,0
1.2243,2.8751e+05,0.68976,287.68,-1.3272,0,1.0148e+05,0.0052662,288.75,1,2.742,2.742,0.3,0
1.2243,2.875e+05,0.68979,287.68,-1.3137,0,1.0148e+05,0.0051855,288.75,1,2.745,2.745,0.3,0
1.2243,2.875e+05,0.68982,287.69,-1.3007,0,1.0148e+05,0.0051062,288.74,1,2.748,2.748,0.3,0
1.2243,2.8749e+05,0.68986,287.7,-1.2877,0,1.0147e+05,0.005027,288.74,1,2.751,2.751,0.3,0
1.2243,2.8749e+05,0.68989,287.7,-1.275,0,1.0147e+05,0.0049489,288.74,1,2.754,2.754,0.3,0
1.2242,2.8748e+05,0.68992,287.71,-1.2625,0,1.0147e+05,0.0048712,288.74,1,2.757,2.757,0.3,0
1.2242,2.8748e+05,0.68995,287.72,-1.2502,0,1.0147e+05,0.0047944,288.73,1,2.76,2.76,0.3,0
1.2242,2.8747e+05,0.68998,287.72,-1.2381,0,1.0146e+05,0.004718,288.73,1,2.763,2.763,0.3,0
1.2242,2.8747e+05,0.69001,287.73,-1.2262,0,1.0146e+05,0.0046424,288.73,1,2.766,2.766,0.3,0
1.2241,2.8746e+05,0.69004,287.74,-1.2145,0,1.0146e+05,0.0045673,288.73,1,2.769,2.769,0.3,0
1.2241,2.8746e+05,0.69007,287.74,-1.2031,0,1.0146e+05,0.004493,288.73,1,2.772,2.772,0.3,0
1.2241,2.8746e+05,0.6901,287.75,-1.1918,0,1.0145e+05,0.0044192,288.72,1,2.775,2.775,0.3,0
1.2241,2.8745e+05,0.69013,287.76,-1.1807,0,1.0145e+05,0.004346,288.72,1,2.778,2.778,0.3,0
1.2241,2.8745e+05,0.69016,287.76,-1.1698,0,1.0145e+05,0.0042734,288.72,1,2.781,2.781,0.3,0
1.224,2.8744e+05,0.69019,287.77,-1.1591,0,1.0145e+05,0.0042014,288.72,1,2.784,2.784,0.3,0
1.224,2.8744e+05,0.69022,287.78,-1.1485,0,1.0144e+05,0.0041301,288.71,1,2.787,2.787,0.3,0
1.224,2.8743e+05,0.69025,287.78,-1.1382,0,1.0144e+05,0.0040591,288.71,1,2.79,2.79,0.3,0
1.224,2.8743e+05,0.69028,287.79,-1.1281,0,1.0144e+05,0.0039889,288.71,1,2.793,2.793,0.3,0
1.2239,2.8743e+05,0.69031,287.79,-1.1181,0,1.0144e+05,0.0039191,288.71,1,2.796,2.796,0.3,0
1.2239,2.8742e+05,0.69033,287.8,-1.1083,0,1.0143e+05,0.00385,288.71,1,2.799,2.799,0.3,0
1.2239,2.8742e+05,0.69036,287.81,-1.0987,0,1.0143e+05,0.0037812,288.7,1,2.802,2.802,0.3,0
1.2239,2.8741e+05,0.69039,287.81,-1.0893,0,1.0143e+05,0.0037132,288.7,1,2.805,2.805,0.3,0
1.2239,2.8741e+05,0.69042,287.82,-1.08,0,1.0143e+05,0.0036454,288.7,1,2.808,2.808,0.3,0
1.2238,2.8741e+05,0.69044,287.82,-1.071,0,1.0142e+05,0.0035784,288.7,1,2.811,2.811,0.3,0
1.2238,2.874e+05,0.69047,287.83,-1.062,0,1.0142e+05,0.0035116,288.7,1,2.814,2.814,0.3,0
1.2238,2.874e+05,0.6905,287.83,-1.0534,0,1.0142e+05,0.0034456,288.69,1,2.817,2.817,0.3,0
1.2238,2.8739e+05,0.69053,287.84,-1.0447,0,1.0142e+05,0.0033797,288.69,1,2.82,2.82,0.3,0
1.2238,2.8739e+05,0.69055,287.85,-1.0364,0,1.0142e+05,0.0033147,288.69,1,2.823,2.823,0.3,0
1.2238,2.8739e+05,0.69058,287.85,-1.0281,0,1.0141e+05,0.0032498,288.69,1,2.826,2.826,0.3,0
1.2237,2.8738e+05,0.6906,287.86,-1.0202,0,1.0141e+05,0.0031857,288.69,1,2.829,2.829,0.3,0
1.2237,2.8738e+05,0.69063,287.86,-1.0122,0,1.0141e+05,0.0031217,288.69,1,2.832,2.832,0.3,0
1.2237,2.8738e+05,0.69066,287.87,-1.0046,0,1.0141e+05,0.0030584,288.68,1,2.835,2.835,0.3,0
1.2237,2.8737e+05,0.69068,287.87,-0.99694,0,1.014e+05,0.0029953,288.68,1,2.838,2.838,0.3,0
1.2237,2.8737e+05,0.69071,287.88,-0.9896,0,1.014e+05,0.0029329,288.68,1,2.841,2.841,0.3,0
1.2236,2.8736e+05,0.69073,287.88,-0.98231,0,1.014e+05,0.0028706,288.68,1,2.844,2.844,0.3,0
1.2236,2.8736e+05,0.69076,287.89,-0.97528,0,1.014e+05,0.0028089,288.68,1,2.847,2.847,0.3,0
1.2236,2.8736e+05,0.69078,287.89,-0.96832,0,1.014e+05,0.0027475,288.67,1,2.85,2.85,0.3,0
1.2236,2.8735e+05,0.69081,287.9,-0.96158,0,1.0139e+05,0.0026866,288.67,1,2.853,2.853,0.3,0
1.2236,2.8735e+05,0.69083,287.9,-0.95495,0,1.0139e+05,0.0026259,288.67,1,2.856,2.856,0.3,0
1.2236,2.8735e+05,0.69086,287.91,-0.94851,0,1.0139e+05,0.0025657,288.67,1,2.859,2.859,0.3,0
1.2235,2.8734e+05,0.69088,287.91,-0.94219,0,1.0139e+05,0.0025058,288.67,1,2.862,2.862,0.3,0
1.2235,2.8734e+05,0.6909,287.92,-0.93604,0,1.0138e+05,0.0024462,288.67,1,2.865,2.865,0.3,0
1.2235,2.8734e+05,0.69093,287.92,-0.93003,0,1.0138e+05,0.0023871,288.66,1,2.868,2.868,0.3,0
1.2235,2.8733e+05,0.69095,287.93,-0.92417,0,1.0138e+05,0.0023282,288.66,1,2.871,2.871,0.3,0
1.2235,2.8733e+05,0.69098,287.93,-0.91848,0,1.0138e+05,0.0022697,288.66,1,2.874,2.874,0.3,0
1.2234,2.8733e+05,0.691,287.94,-0.9129,0,1.0138e+05,0.0022114,288.66,1,2.877,2.877,0.3,0
1.2234,2.8732e+05,0.69102,287.94,-0.90751,0,1.0137e+05,0.0021535,288.66,1,2.88,2.88,0.3,0
1.2234,2.8732e+05,0.69105,287.95,-0.90221,0,1.0137e+05,0.0020959,288.65,1,2.883,2.883,0.3,0
1.2234,2.8732e+05,0.69107,287.95,-0.89712,0,1.0137e+05,0.0020386,288.65,1,2.886,2.886,0.3,0
1.2234,2.8731e+05,0.69109,287.96,-0.89211,0,1.0137e+05,0.0019815,288.65,1,2.889,2.889,0.3,0
1.2234,2.8731e+05,0.69112,287.96,-0.88731,0,1.0137e+05,0.0019248,288.65,1,2.892,2.892,0.3,0
1.2233,2.8731e+05,0.69114,287.97,-0.88257,0,1.0136e+05,0.0018683,288.65,1,2.895,2.895,0.3,0
1.2233,2.873e+05,0.69116,287.97,-0.87806,0,1.0136e+05,0.0018121,288.65,1,2.898,2.898,0.3,0
1.2233,2.873e+05,0.69118,287.98,-0.87359,0,1.0136e+05,0.0017561,288.64,1,2.901,2.901,0.3,0
1.2233,2.873e+05,0.69121,287.98,-0.86938,0,1.0136e+05,0.0017004,288.64,1,2.904,2.904,0.3,0
1.2233,2.8729e+05,0.69123,287.99,-0.86518,0,1.0136e+05,0.0016448,288.64,1,2.907,2.907,0.3,0
1.2233,2.8729e+05,0.69125,287.99,-0.86125,0,1.0136e+05,0.0015897,288.64,1,2.91,2.91,0.3,0
1.2232,2.8729e+05,0.69127,288,-0.85732,0,1.0135e+05,0.0015345,288.64,1,2.913,2.913,0.3,0
1.2232,2.8728e+05,0.6913,288,-0.85367,0,1.0135e+05,0.0014798,288.64,1,2.916,2.916,0.3,0
1.2232,2.8728e+05,0.69132,288.01,-0.85002,0,1.0135e+05,0.0014251,288.64,1,2.919,2.919,0.3,0
1.2232,2.8728e+05,0.69134,288.01,-0.84663,0,1.0135e+05,0.0013708,288.63,1,2.922,2.922,0.3,0
1.2232,2.8727e+05,0.69136,288.02,-0.84326,0,1.0135e+05,0.0013165,288.63,1,2.925,2.925,0.3,0
1.2232,2.8727e+05,0.69138,288.02,-0.84013,0,1.0134e+05,0.0012625,288.63,1,2.928,2.928,0.3,0
1.2232,2.8727e+05,0.69141,288.02,-0.83705,0,1.0134e+05,0.0012086,288.63,1,2.931,2.931,0.3,0
1.2231,2.8726e+05,0.69143,288.03,-0.83417,0,1.0134e+05,0.0011549,288.63,1,2.934,2.934,0.3,0
1.2231,2.8726e+05,0.69145,288.03,-0.83136,0,1.0134e+05,0.0011013,288.63,1,2.937,2.937,0.3,0
1.2231,2.8726e+05,0.69147,288.04,-0.82874,0,1.0134e+05,0.0010479,288.62,1,2.94,2.94,0.3,0
1.2231,2.8725e+05,0.69149,288.04,-0.8262,0,1.0133e+05,0.00099467,288.62,1,2.943,2.943,0.3,0
1.2231,2.8725e+05,0.69151,288.05,-0.82384,0,1.0133e+05,0.00094157,288.62,1,2.946,2.946,0.3,0
1.2231,2.8725e+05,0.69153,288.05,-0.82157,0,1.0133e+05,0.00088858,288.62,1,2.949,2.949,0.3,0
1.223,2.8724e+05,0.69156,288.06,-0.81946,0,1.0133e+05,0.00083571,288.62,1,2.952,2.952,0.3,0
1.223,2.8724e+05,0.69158,288.06,-0.81747,0,1.0133e+05,0.00078296,288.62,1,2.955,2.955,0.3,0
1.223,2.8724e+05,0.6916,288.07,-0.8156,0,1.0133e+05,0.0007303,288.61,1,2.958,2.958,0.3,0
1.223,2.8724e+05,0.69162,288.07,-0.81388,0,1.0132e+05,0.00067776,288.61,1,2.961,2.961,0.3,0
1.223,2.8723e+05,0.69164,288.07,-0.81227,0,1.0132e+05,0.00062529,288.61,1,2.964,2.964,0.3,0
1.223,2.8723e+05,0.69166,288.08,-0.81081,0,1.0132e+05,0.00057292,288.61,1,2.967,2.967,0.3,0
1.2229,2.8723e+05,0.69168,288.08,-0.80944,0,1.0132e+05,0.0005206,288.61,1,2.97,2.97,0.3,0
1.2229,2.8722e+05,0.6917,288.09,-0.80825,0,1.0132e+05,0.00046837,288.61,1,2.973,2.973,0.3,0
1.2229,2.8722e+05,0.69173,288.09,-0.80714,0,1.0131e+05,0.00041618,288.61,1,2.976,2.976,0.3,0
1.2229,2.8722e+05,0.69175,288.1,-0.80621,0,1.0131e+05,0.00036407,288.6,1,2.979,2.979,0.3,0
1.2229,2.8721e+05,0.69177,288.1,-0.80535,0,1.0131e+05,0.00031197,288.6,1,2.982,2.982,0.3,0
1.2229,2.8721e+05,0.69179,288.1,-0.80469,0,1.0131e+05,0.00025994,288.6,1,2.985,2.985,0.3,0
1.2229,2.8721e+05,0.69181,288.11,-0.80406,0,1.0131e+05,0.00020792,288.6,1,2.988,2.988,0.3,0
1.2228,2.8721e+05,0.69183,288.11,-0.80366,0,1.0131e+05,0.00015594,288.6,1,2.991,2.991,0.3,0
1.2228,2.872e+05,0.69185,288.12,-0.80328,0,1.013e+05,0.00010396,288.6,1,2.994,2.994,0.3,0
1.2228,2.872e+05,0.69187,288.12,-0.80324,0,1.013e+05,5.1996e-05,288.59,1,2.997,2.997,0.3,0
1.2228,2.872e+05,0.69189,288.13,-0.8032,0,1.013e+05,3.5461e-08,288.59,1,3,3,0.3,0
